date,f
2017-01-01,-0.045732671428571424
2017-01-02,-0.042165385714285714
2017-01-03,-0.038598099999999996
2017-01-04,-0.03772587857142857
2017-01-05,-0.03685365714285714
2017-01-06,-0.03598143571428571
2017-01-07,-0.03510921428571428
2017-01-08,-0.03423699285714285
2017-01-09,-0.03336477142857142
2017-01-10,-0.032492549999999995
2017-01-11,-0.030567028571428567
2017-01-12,-0.02864150714285714
2017-01-13,-0.02671598571428571
2017-01-14,-0.024790464285714284
2017-01-15,-0.022864942857142856
2017-01-16,-0.020939421428571428
2017-01-17,-0.0190139
2017-01-18,-0.018928578571428573
2017-01-19,-0.01884325714285714
2017-01-20,-0.018757935714285714
2017-01-21,-0.018672614285714286
2017-01-22,-0.01858729285714286
2017-01-23,-0.018501971428571427
2017-01-24,-0.01841665
2017-01-25,-0.016996277142857143
2017-01-26,-0.015575904285714285
2017-01-27,-0.014155531428571427
2017-01-28,-0.012735158571428571
2017-01-29,-0.011314785714285713
2017-01-30,-0.009894412857142857
2017-01-31,-0.008474039999999999
2017-02-01,-0.007706887142857142
2017-02-02,-0.006939734285714285
2017-02-03,-0.006172581428571428
2017-02-04,-0.0054054285714285714
2017-02-05,-0.004638275714285714
2017-02-06,-0.003871122857142857
2017-02-07,-0.00310397
2017-02-08,-0.0019090950000000002
2017-02-09,-7.142200000000002e-4
2017-02-10,4.8065499999999954e-4
2017-02-11,0.0016755299999999997
2017-02-12,0.0028704050000000004
2017-02-13,0.004065279999999999
2017-02-14,0.005260155
2017-02-15,0.005465631428571429
2017-02-16,0.005671107857142857
2017-02-17,0.005876584285714285
2017-02-18,0.006082060714285714
2017-02-19,0.006287537142857142
2017-02-20,0.006493013571428571
2017-02-21,0.00669849
2017-02-22,0.008683691428571429
2017-02-23,0.010668892857142856
2017-02-24,0.012654094285714285
2017-02-25,0.014639295714285714
2017-02-26,0.016624497142857145
2017-02-27,0.018609698571428572
2017-02-28,0.0205949
2017-03-01,0.020486499999999998
2017-03-02,0.0203781
2017-03-03,0.020269699999999998
2017-03-04,0.0201613
2017-03-05,0.0200529
2017-03-06,0.0199445
2017-03-07,0.0198361
2017-03-08,0.021840342857142855
2017-03-09,0.023844585714285715
2017-03-10,0.025848828571428572
2017-03-11,0.02785307142857143
2017-03-12,0.02985731428571429
2017-03-13,0.03186155714285714
2017-03-14,0.0338658
2017-03-15,0.0330931
2017-03-16,0.0323204
2017-03-17,0.0315477
2017-03-18,0.030775
2017-03-19,0.0300023
2017-03-20,0.0292296
2017-03-21,0.0284569
2017-03-22,0.027221235714285714
2017-03-23,0.025985571428571427
2017-03-24,0.024749907142857144
2017-03-25,0.023514242857142858
2017-03-26,0.02227857857142857
2017-03-27,0.021042914285714285
2017-03-28,0.01980725
2017-03-29,0.019055671428571428
2017-03-30,0.018304092857142858
2017-03-31,0.017552514285714284
2017-04-01,0.016800935714285713
2017-04-02,0.016049357142857143
2017-04-03,0.015297778571428573
2017-04-04,0.0145462
2017-04-05,0.0150198
2017-04-06,0.015493400000000001
2017-04-07,0.015967
2017-04-08,0.0164406
2017-04-09,0.0169142
2017-04-10,0.0173878
2017-04-11,0.0178614
2017-04-12,0.018216085714285714
2017-04-13,0.018570771428571428
2017-04-14,0.018925457142857142
2017-04-15,0.019280142857142857
2017-04-16,0.01963482857142857
2017-04-17,0.019989514285714285
2017-04-18,0.0203442
2017-04-19,0.01921255
2017-04-20,0.0180809
2017-04-21,0.01694925
2017-04-22,0.0158176
2017-04-23,0.01468595
2017-04-24,0.013554300000000002
2017-04-25,0.01242265
2017-04-26,0.012210871428571428
2017-04-27,0.011999092857142858
2017-04-28,0.011787314285714286
2017-04-29,0.011575535714285715
2017-04-30,0.011363757142857143
2017-05-01,0.011151978571428573
2017-05-02,0.0109402
2017-05-03,0.0109285
2017-05-04,0.0109168
2017-05-05,0.010905100000000001
2017-05-06,0.010893400000000001
2017-05-07,0.010881700000000001
2017-05-08,0.010870000000000001
2017-05-09,0.010858300000000001
2017-05-10,0.008599842857142858
2017-05-11,0.006341385714285715
2017-05-12,0.004082928571428572
2017-05-13,0.0018244714285714295
2017-05-14,-4.339857142857152e-4
2017-05-15,-0.0026924428571428564
2017-05-16,-0.0049509
2017-05-17,-0.0041000975
2017-05-18,-0.003249295
2017-05-19,-0.0023984925
2017-05-20,-0.00154769
2017-05-21,-6.968874999999999e-4
2017-05-22,1.5391500000000013e-4
2017-05-23,0.0010047175
2017-05-24,7.113864285714286e-4
2017-05-25,4.1805535714285714e-4
2017-05-26,1.2472428571428577e-4
2017-05-27,-1.686067857142857e-4
2017-05-28,-4.619378571428573e-4
2017-05-29,-7.552689285714284e-4
2017-05-30,-0.0010486
2017-05-31,-6.167585714285714e-4
2017-06-01,-1.8491714285714283e-4
2017-06-02,2.469242857142857e-4
2017-06-03,6.787657142857144e-4
2017-06-04,0.001110607142857143
2017-06-05,0.0015424485714285714
2017-06-06,0.00197429
2017-06-07,0.0014866492857142858
2017-06-08,9.990085714285716e-4
2017-06-09,5.113678571428573e-4
2017-06-10,2.372714285714308e-5
2017-06-11,-4.639135714285714e-4
2017-06-12,-9.515542857142854e-4
2017-06-13,-0.0014391949999999999
2017-06-14,-0.0018859899999999997
2017-06-15,-0.0023327849999999995
2017-06-16,-0.0027795799999999994
2017-06-17,-0.0032263749999999996
2017-06-18,-0.00367317
2017-06-19,-0.004119965
2017-06-20,-0.00456676
2017-06-21,-0.006060879999999999
2017-06-22,-0.007554999999999999
2017-06-23,-0.00904912
2017-06-24,-0.010543239999999999
2017-06-25,-0.01203736
2017-06-26,-0.01353148
2017-06-27,-0.0150256
2017-06-28,-0.01646224285714286
2017-06-29,-0.017898885714285714
2017-06-30,-0.019335528571428572
2017-07-01,-0.02077217142857143
2017-07-02,-0.022208814285714286
2017-07-03,-0.023645457142857144
2017-07-04,-0.025082100000000003
2017-07-05,-0.026295657142857146
2017-07-06,-0.027509214285714286
2017-07-07,-0.02872277142857143
2017-07-08,-0.02993632857142857
2017-07-09,-0.031149885714285713
2017-07-10,-0.032363442857142856
2017-07-11,-0.033576999999999996
2017-07-12,-0.03263958571428571
2017-07-13,-0.03170217142857142
2017-07-14,-0.03076475714285714
2017-07-15,-0.029827342857142856
2017-07-16,-0.02888992857142857
2017-07-17,-0.027952514285714287
2017-07-18,-0.0270151
2017-07-19,-0.028322157142857143
2017-07-20,-0.029629214285714287
2017-07-21,-0.03093627142857143
2017-07-22,-0.03224332857142857
2017-07-23,-0.033550385714285716
2017-07-24,-0.03485744285714286
2017-07-25,-0.0361645
2017-07-26,-0.03591862142857143
2017-07-27,-0.03567274285714286
2017-07-28,-0.03542686428571429
2017-07-29,-0.03518098571428571
2017-07-30,-0.03493510714285714
2017-07-31,-0.03468922857142857
2017-08-01,-0.03444335
2017-08-02,-0.03197788571428571
2017-08-03,-0.02951242142857143
2017-08-04,-0.027046957142857143
2017-08-05,-0.02458149285714286
2017-08-06,-0.022116028571428574
2017-08-07,-0.019650564285714288
2017-08-08,-0.017185100000000002
2017-08-09,-0.01776324285714286
2017-08-10,-0.018341385714285716
2017-08-11,-0.018919528571428573
2017-08-12,-0.01949767142857143
2017-08-13,-0.020075814285714286
2017-08-14,-0.020653957142857143
2017-08-15,-0.0212321
2017-08-16,-0.02193107857142857
2017-08-17,-0.022630057142857145
2017-08-18,-0.023329035714285715
2017-08-19,-0.024028014285714286
2017-08-20,-0.02472699285714286
2017-08-21,-0.02542597142857143
2017-08-22,-0.02612495
2017-08-23,-0.026141121428571428
2017-08-24,-0.02615729285714286
2017-08-25,-0.026173464285714286
2017-08-26,-0.026189635714285717
2017-08-27,-0.026205807142857144
2017-08-28,-0.026221978571428575
2017-08-29,-0.026238150000000002
2017-08-30,-0.026222607142857145
2017-08-31,-0.026207064285714288
2017-09-01,-0.02619152142857143
2017-09-02,-0.02617597857142857
2017-09-03,-0.026160435714285713
2017-09-04,-0.026144892857142856
2017-09-05,-0.02612935
2017-09-06,-0.023174502142857142
2017-09-07,-0.020219654285714286
2017-09-08,-0.01726480642857143
2017-09-09,-0.01430995857142857
2017-09-10,-0.011355110714285712
2017-09-11,-0.008400262857142855
2017-09-12,-0.005445415
2017-09-13,-0.004960196428571429
2017-09-14,-0.004474977857142857
2017-09-15,-0.003989759285714286
2017-09-16,-0.0035045407142857148
2017-09-17,-0.0030193221428571433
2017-09-18,-0.002534103571428572
2017-09-19,-0.0020488850000000003
2017-09-20,-0.0011312200000000003
2017-09-21,-2.1355500000000026e-4
2017-09-22,7.041099999999995e-4
2017-09-23,0.0016217749999999998
2017-09-24,0.0025394400000000004
2017-09-25,0.0034571049999999994
2017-09-26,0.00437477
2017-09-27,0.005574052857142857
2017-09-28,0.006773335714285714
2017-09-29,0.007972618571428572
2017-09-30,0.009171901428571428
2017-10-01,0.010371184285714286
2017-10-02,0.011570467142857142
2017-10-03,0.01276975
2017-10-04,0.01618352857142857
2017-10-05,0.01959730714285714
2017-10-06,0.023011085714285714
2017-10-07,0.026424864285714285
2017-10-08,0.029838642857142855
2017-10-09,0.033252421428571426
2017-10-10,0.036666199999999996
2017-10-11,0.03808196428571428
2017-10-12,0.03949772857142857
2017-10-13,0.04091349285714285
2017-10-14,0.04232925714285714
2017-10-15,0.04374502142857143
2017-10-16,0.045160785714285716
2017-10-17,0.04657655
2017-10-18,0.04745468571428572
2017-10-19,0.048332821428571426
2017-10-20,0.04921095714285714
2017-10-21,0.05008909285714286
2017-10-22,0.050967228571428574
2017-10-23,0.051845364285714284
2017-10-24,0.0527235
2017-10-25,0.05584489285714286
2017-10-26,0.058966285714285714
2017-10-27,0.06208767857142857
2017-10-28,0.06520907142857144
2017-10-29,0.06833046428571429
2017-10-30,0.07145185714285715
2017-10-31,0.07457325000000001
2017-11-01,0.07564298571428572
2017-11-02,0.07671272142857144
2017-11-03,0.07778245714285716
2017-11-04,0.07885219285714286
2017-11-05,0.07992192857142857
2017-11-06,0.08099166428571429
2017-11-07,0.0820614
2017-11-08,0.08432607142857143
2017-11-09,0.08659074285714287
2017-11-10,0.0888554142857143
2017-11-11,0.09112008571428572
2017-11-12,0.09338475714285716
2017-11-13,0.09564942857142858
2017-11-14,0.0979141
2017-11-15,0.09900622857142857
2017-11-16,0.10009835714285714
2017-11-17,0.10119048571428571
2017-11-18,0.1022826142857143
2017-11-19,0.10337474285714286
2017-11-20,0.10446687142857143
2017-11-21,0.105559
2017-11-22,0.10673435714285714
2017-11-23,0.10790971428571429
2017-11-24,0.10908507142857143
2017-11-25,0.11026042857142858
2017-11-26,0.11143578571428572
2017-11-27,0.11261114285714287
2017-11-28,0.11378650000000001
2017-11-29,0.11297828571428573
2017-11-30,0.11217007142857144
2017-12-01,0.11136185714285715
2017-12-02,0.11055364285714286
2017-12-03,0.10974542857142858
2017-12-04,0.10893721428571429
2017-12-05,0.108129
2017-12-06,0.10727507142857143
2017-12-07,0.10642114285714287
2017-12-08,0.10556721428571429
2017-12-09,0.10471328571428572
2017-12-10,0.10385935714285714
2017-12-11,0.10300542857142858
2017-12-12,0.1021515
2017-12-13,0.10243228571428573
2017-12-14,0.10271307142857143
2017-12-15,0.10299385714285715
2017-12-16,0.10327464285714286
2017-12-17,0.10355542857142858
2017-12-18,0.10383621428571428
2017-12-19,0.104117
2017-12-20,0.104483
2017-12-21,0.104849
2017-12-22,0.105215
2017-12-23,0.105581
2017-12-24,0.105947
2017-12-25,0.10631299999999999
2017-12-26,0.106679
2017-12-27,0.10542377857142857
2017-12-28,0.10416855714285714
2017-12-29,0.10291333571428571
2017-12-30,0.10165811428571428
2017-12-31,0.10040289285714285
2018-01-01,0.09914767142857142
2018-01-02,0.09789244999999999
2018-01-03,0.09687476428571427
2018-01-04,0.09585707857142857
2018-01-05,0.09483939285714285
2018-01-06,0.09382170714285715
2018-01-07,0.09280402142857143
2018-01-08,0.09178633571428572
2018-01-09,0.09076865
2018-01-10,0.09007915714285715
2018-01-11,0.0893896642857143
2018-01-12,0.08870017142857144
2018-01-13,0.08801067857142857
2018-01-14,0.08732118571428571
2018-01-15,0.08663169285714285
2018-01-16,0.0859422
2018-01-17,0.08612720714285714
2018-01-18,0.08631221428571428
2018-01-19,0.08649722142857143
2018-01-20,0.08668222857142857
2018-01-21,0.08686723571428571
2018-01-22,0.08705224285714286
2018-01-23,0.08723725
2018-01-24,0.08715976428571429
2018-01-25,0.08708227857142857
2018-01-26,0.08700479285714285
2018-01-27,0.08692730714285714
2018-01-28,0.08684982142857142
2018-01-29,0.0867723357142857
2018-01-30,0.08669484999999999
2018-01-31,0.08624666428571427
2018-02-01,0.08579847857142857
2018-02-02,0.08535029285714285
2018-02-03,0.08490210714285715
2018-02-04,0.08445392142857143
2018-02-05,0.08400573571428573
2018-02-06,0.08355755000000001
2018-02-07,0.0839735642857143
2018-02-08,0.08438957857142858
2018-02-09,0.08480559285714287
2018-02-10,0.08522160714285715
2018-02-11,0.08563762142857144
2018-02-12,0.08605363571428572
2018-02-13,0.08646965000000001
2018-02-14,0.08563740714285716
2018-02-15,0.08480516428571429
2018-02-16,0.08397292142857143
2018-02-17,0.08314067857142857
2018-02-18,0.08230843571428571
2018-02-19,0.08147619285714285
2018-02-20,0.08064394999999999
2018-02-21,0.07902602142857142
2018-02-22,0.07740809285714285
2018-02-23,0.07579016428571428
2018-02-24,0.07417223571428572
2018-02-25,0.07255430714285714
2018-02-26,0.07093637857142858
2018-02-27,0.06931845
2018-02-28,0.07017212142857143
2018-03-01,0.07102579285714286
2018-03-02,0.07187946428571429
2018-03-03,0.07273313571428572
2018-03-04,0.07358680714285715
2018-03-05,0.07444047857142858
2018-03-06,0.07529415
2018-03-07,0.07484858571428572
2018-03-08,0.07440302142857143
2018-03-09,0.07395745714285715
2018-03-10,0.07351189285714285
2018-03-11,0.07306632857142857
2018-03-12,0.07262076428571428
2018-03-13,0.0721752
2018-03-14,0.07296086428571429
2018-03-15,0.07374652857142856
2018-03-16,0.07453219285714285
2018-03-17,0.07531785714285714
2018-03-18,0.07610352142857144
2018-03-19,0.07688918571428571
2018-03-20,0.07767485
2018-03-21,0.0772447
2018-03-22,0.07681455000000001
2018-03-23,0.0763844
2018-03-24,0.07595425
2018-03-25,0.0755241
2018-03-26,0.07509395
2018-03-27,0.0746638
2018-03-28,0.07457534285714286
2018-03-29,0.07448688571428572
2018-03-30,0.07439842857142857
2018-03-31,0.07430997142857143
2018-04-01,0.07422151428571429
2018-04-02,0.07413305714285714
2018-04-03,0.0740446
2018-04-04,0.07343106428571429
2018-04-05,0.07281752857142858
2018-04-06,0.07220399285714287
2018-04-07,0.07159045714285714
2018-04-08,0.07097692142857143
2018-04-09,0.07036338571428571
2018-04-10,0.06974985
2018-04-11,0.06898795
2018-04-12,0.06822605
2018-04-13,0.06746415
2018-04-14,0.06670224999999999
2018-04-15,0.06594035
2018-04-16,0.065178449999999985
2018-04-17,0.06441654999999999
2018-04-18,0.06422549285714285
2018-04-19,0.0640344357142857
2018-04-20,0.06384337857142856
2018-04-21,0.06365232142857143
2018-04-22,0.06346126428571429
2018-04-23,0.06327020714285714
2018-04-24,0.06307915
2018-04-25,0.06237389285714286
2018-04-26,0.06166863571428571
2018-04-27,0.06096337857142857
2018-04-28,0.06025812142857143
2018-04-29,0.05955286428571429
2018-04-30,0.058847607142857146
2018-05-01,0.05814235
2018-05-02,0.057358285714285716
2018-05-03,0.05657422142857143
2018-05-04,0.05579015714285714
2018-05-05,0.05500609285714286
2018-05-06,0.05422202857142858
2018-05-07,0.05343796428571429
2018-05-08,0.052653900000000003
2018-05-09,0.05222461428571429
2018-05-10,0.05179532857142857
2018-05-11,0.05136604285714286
2018-05-12,0.05093675714285714
2018-05-13,0.05050747142857143
2018-05-14,0.05007818571428571
2018-05-15,0.049648899999999996
2018-05-16,0.04972494285714285
2018-05-17,0.04980098571428571
2018-05-18,0.04987702857142857
2018-05-19,0.04995307142857142
2018-05-20,0.05002911428571428
2018-05-21,0.05010515714285714
2018-05-22,0.050181199999999995
2018-05-23,0.048445249999999995
2018-05-24,0.046709299999999995
2018-05-25,0.044973349999999995
2018-05-26,0.0432374
2018-05-27,0.04150145
2018-05-28,0.0397655
2018-05-29,0.03802955
2018-05-30,0.0359979
2018-05-31,0.03396625
2018-06-01,0.0319346
2018-06-02,0.02990295
2018-06-03,0.0278713
2018-06-04,0.02583965
2018-06-05,0.023808
2018-06-06,0.0242309
2018-06-07,0.0246538
2018-06-08,0.0250767
2018-06-09,0.0254996
2018-06-10,0.0259225
2018-06-11,0.0263454
2018-06-12,0.026768300000000002
2018-06-13,0.02708369285714286
2018-06-14,0.027399085714285717
2018-06-15,0.027714478571428575
2018-06-16,0.02802987142857143
2018-06-17,0.028345264285714288
2018-06-18,0.028660657142857145
2018-06-19,0.028976050000000003
2018-06-20,0.027905750000000003
2018-06-21,0.026835450000000004
2018-06-22,0.025765150000000004
2018-06-23,0.024694850000000004
2018-06-24,0.02362455
2018-06-25,0.02255425
2018-06-26,0.02148395
2018-06-27,0.0221597
2018-06-28,0.02283545
2018-06-29,0.0235112
2018-06-30,0.02418695
2018-07-01,0.0248627
2018-07-02,0.02553845
2018-07-03,0.0262142
2018-07-04,0.027535542857142856
2018-07-05,0.028856885714285713
2018-07-06,0.03017822857142857
2018-07-07,0.031499571428571425
2018-07-08,0.032820914285714285
2018-07-09,0.03414225714285714
2018-07-10,0.0354636
2018-07-11,0.03366372857142857
2018-07-12,0.031863857142857145
2018-07-13,0.030063985714285715
2018-07-14,0.028264114285714285
2018-07-15,0.02646424285714286
2018-07-16,0.024664371428571433
2018-07-17,0.022864500000000003
2018-07-18,0.023347450000000002
2018-07-19,0.0238304
2018-07-20,0.02431335
2018-07-21,0.024796300000000004
2018-07-22,0.025279250000000003
2018-07-23,0.025762200000000002
2018-07-24,0.026245150000000002
2018-07-25,0.02603484285714286
2018-07-26,0.025824535714285717
2018-07-27,0.025614228571428574
2018-07-28,0.025403921428571428
2018-07-29,0.025193614285714285
2018-07-30,0.024983307142857143
2018-07-31,0.024773
2018-08-01,0.023998792857142858
2018-08-02,0.023224585714285713
2018-08-03,0.02245037857142857
2018-08-04,0.02167617142857143
2018-08-05,0.020901964285714288
2018-08-06,0.020127757142857142
2018-08-07,0.01935355
2018-08-08,0.020313428571428573
2018-08-09,0.02127330714285714
2018-08-10,0.022233185714285713
2018-08-11,0.023193064285714285
2018-08-12,0.024152942857142853
2018-08-13,0.025112821428571425
2018-08-14,0.026072699999999997
2018-08-15,0.027042121428571427
2018-08-16,0.028011542857142857
2018-08-17,0.028980964285714284
2018-08-18,0.029950385714285713
2018-08-19,0.030919807142857143
2018-08-20,0.03188922857142858
2018-08-21,0.03285865
2018-08-22,0.03363354285714286
2018-08-23,0.034408435714285715
2018-08-24,0.03518332857142857
2018-08-25,0.03595822142857143
2018-08-26,0.03673311428571428
2018-08-27,0.03750800714285714
2018-08-28,0.038282899999999995
2018-08-29,0.03752315714285714
2018-08-30,0.03676341428571428
2018-08-31,0.03600367142857142
2018-09-01,0.03524392857142857
2018-09-02,0.034484185714285714
2018-09-03,0.03372444285714286
2018-09-04,0.0329647
2018-09-05,0.03262994285714286
2018-09-06,0.03229518571428571
2018-09-07,0.03196042857142857
2018-09-08,0.03162567142857143
2018-09-09,0.03129091428571429
2018-09-10,0.030956157142857144
2018-09-11,0.0306214
2018-09-12,0.02769045
2018-09-13,0.0247595
2018-09-14,0.021828550000000002
2018-09-15,0.0188976
2018-09-16,0.01596665
2018-09-17,0.0130357
2018-09-18,0.01010475
2018-09-19,0.00796648857142857
2018-09-20,0.005828227142857142
2018-09-21,0.003689965714285714
2018-09-22,0.0015517042857142848
2018-09-23,-5.865571428571442e-4
2018-09-24,-0.0027248185714285715
2018-09-25,-0.0048630800000000005
2018-09-26,-0.008395975714285714
2018-09-27,-0.011928871428571429
2018-09-28,-0.015461767142857142
2018-09-29,-0.018994662857142856
2018-09-30,-0.022527558571428574
2018-10-01,-0.026060454285714282
2018-10-02,-0.02959335
2018-10-03,-0.029485257142857144
2018-10-04,-0.029377164285714286
2018-10-05,-0.02926907142857143
2018-10-06,-0.02916097857142857
2018-10-07,-0.029052885714285714
2018-10-08,-0.028944792857142857
2018-10-09,-0.0288367
2018-10-10,-0.030355214285714287
2018-10-11,-0.031873728571428575
2018-10-12,-0.03339224285714286
2018-10-13,-0.03491075714285714
2018-10-14,-0.03642927142857143
2018-10-15,-0.03794778571428572
2018-10-16,-0.0394663
2018-10-17,-0.04074855
2018-10-18,-0.0420308
2018-10-19,-0.04331305
2018-10-20,-0.044595300000000004
2018-10-21,-0.04587755
2018-10-22,-0.0471598
2018-10-23,-0.04844205
2018-10-24,-0.05278667857142857
2018-10-25,-0.05713130714285714
2018-10-26,-0.06147593571428571
2018-10-27,-0.06582056428571428
2018-10-28,-0.07016519285714284
2018-10-29,-0.07450982142857142
2018-10-30,-0.07885444999999999
2018-10-31,-0.08055980714285714
2018-11-01,-0.08226516428571429
2018-11-02,-0.08397052142857143
2018-11-03,-0.08567587857142857
2018-11-04,-0.08738123571428572
2018-11-05,-0.08908659285714286
2018-11-06,-0.09079195000000001
2018-11-07,-0.09196507857142858
2018-11-08,-0.09313820714285716
2018-11-09,-0.09431133571428572
2018-11-10,-0.09548446428571429
2018-11-11,-0.09665759285714286
2018-11-12,-0.09783072142857144
2018-11-13,-0.09900385
2018-11-14,-0.1022575142857143
2018-11-15,-0.10551117857142857
2018-11-16,-0.10876484285714286
2018-11-17,-0.11201850714285715
2018-11-18,-0.11527217142857143
2018-11-19,-0.11852583571428571
2018-11-20,-0.1217795
2018-11-21,-0.12535807142857142
2018-11-22,-0.12893664285714285
2018-11-23,-0.13251521428571428
2018-11-24,-0.1360937857142857
2018-11-25,-0.13967235714285714
2018-11-26,-0.14325092857142857
2018-11-27,-0.1468295
2018-11-28,-0.1478812142857143
2018-11-29,-0.14893292857142856
2018-11-30,-0.14998464285714286
2018-12-01,-0.15103635714285712
2018-12-02,-0.15208807142857142
2018-12-03,-0.1531397857142857
2018-12-04,-0.15419149999999998
2018-12-05,-0.15436121428571428
2018-12-06,-0.15453092857142856
2018-12-07,-0.15470064285714286
2018-12-08,-0.15487035714285713
2018-12-09,-0.15504007142857143
2018-12-10,-0.1552097857142857
2018-12-11,-0.1553795
2018-12-12,-0.15962085714285715
2018-12-13,-0.1638622142857143
2018-12-14,-0.16810357142857144
2018-12-15,-0.17234492857142855
2018-12-16,-0.1765862857142857
2018-12-17,-0.18082764285714284
2018-12-18,-0.18506899999999998
2018-12-19,-0.18507964285714285
2018-12-20,-0.1850902857142857
2018-12-21,-0.18510092857142857
2018-12-22,-0.1851115714285714
2018-12-23,-0.18512221428571426
2018-12-24,-0.18513285714285713
2018-12-25,-0.1851435
2018-12-26,-0.18908321428571429
2018-12-27,-0.19302292857142855
2018-12-28,-0.19696264285714285
2018-12-29,-0.20090235714285715
2018-12-30,-0.20484207142857144
2018-12-31,-0.2087817857142857
2019-01-01,-0.2127215
2019-01-02,-0.21431964285714286
2019-01-03,-0.21591778571428571
2019-01-04,-0.21751592857142857
2019-01-05,-0.21911407142857145
2019-01-06,-0.2207122142857143
2019-01-07,-0.22231035714285716
2019-01-08,-0.2239085
2019-01-09,-0.2241605
2019-01-10,-0.22441250000000001
2019-01-11,-0.22466450000000002
2019-01-12,-0.2249165
2019-01-13,-0.2251685
2019-01-14,-0.2254205
2019-01-15,-0.2256725
2019-01-16,-0.22758735714285713
2019-01-17,-0.2295022142857143
2019-01-18,-0.23141707142857143
2019-01-19,-0.23333192857142857
2019-01-20,-0.2352467857142857
2019-01-21,-0.23716164285714286
2019-01-22,-0.2390765
2019-01-23,-0.2423567857142857
2019-01-24,-0.24563707142857144
2019-01-25,-0.24891735714285715
2019-01-26,-0.25219764285714286
2019-01-27,-0.2554779285714286
2019-01-28,-0.25875821428571427
2019-01-29,-0.2620385
2019-01-30,-0.2620317857142857
2019-01-31,-0.26202507142857145
2019-02-01,-0.26201835714285715
2019-02-02,-0.2620116428571429
2019-02-03,-0.2620049285714286
2019-02-04,-0.26199821428571435
2019-02-05,-0.26199150000000004
2019-02-06,-0.26318285714285716
2019-02-07,-0.26437421428571434
2019-02-08,-0.26556557142857146
2019-02-09,-0.2667569285714286
2019-02-10,-0.2679482857142857
2019-02-11,-0.26913964285714287
2019-02-12,-0.270331
2019-02-13,-0.27074064285714283
2019-02-14,-0.27115028571428573
2019-02-15,-0.2715599285714286
2019-02-16,-0.2719695714285714
2019-02-17,-0.27237921428571427
2019-02-18,-0.27278885714285717
2019-02-19,-0.2731985
2019-02-20,-0.27523178571428575
2019-02-21,-0.27726507142857143
2019-02-22,-0.27929835714285717
2019-02-23,-0.28133164285714285
2019-02-24,-0.2833649285714286
2019-02-25,-0.28539821428571427
2019-02-26,-0.2874315
2019-02-27,-0.2874615714285714
2019-02-28,-0.28749164285714285
2019-03-01,-0.28752171428571427
2019-03-02,-0.2875517857142857
2019-03-03,-0.2875818571428571
2019-03-04,-0.28761192857142853
2019-03-05,-0.28764199999999995
2019-03-06,-0.2854612857142857
2019-03-07,-0.2832805714285714
2019-03-08,-0.2810998571428571
2019-03-09,-0.2789191428571428
2019-03-10,-0.27673842857142855
2019-03-11,-0.27455771428571424
2019-03-12,-0.272377
2019-03-13,-0.2732166428571428
2019-03-14,-0.2740562857142857
2019-03-15,-0.2748959285714285
2019-03-16,-0.2757355714285714
2019-03-17,-0.27657521428571424
2019-03-18,-0.27741485714285713
2019-03-19,-0.27825449999999996
2019-03-20,-0.2779676428571428
2019-03-21,-0.27768078571428567
2019-03-22,-0.2773939285714285
2019-03-23,-0.27710707142857144
2019-03-24,-0.2768202142857143
2019-03-25,-0.27653335714285715
2019-03-26,-0.2762465
2019-03-27,-0.27555885714285716
2019-03-28,-0.2748712142857143
2019-03-29,-0.27418357142857147
2019-03-30,-0.27349592857142857
2019-03-31,-0.2728082857142857
2019-04-01,-0.2721206428571429
2019-04-02,-0.27143300000000004
2019-04-03,-0.2702621428571429
2019-04-04,-0.26909128571428576
2019-04-05,-0.2679204285714286
2019-04-06,-0.2667495714285714
2019-04-07,-0.2655787142857143
2019-04-08,-0.26440785714285714
2019-04-09,-0.263237
2019-04-10,-0.2632519285714286
2019-04-11,-0.26326685714285714
2019-04-12,-0.26328178571428573
2019-04-13,-0.2632967142857143
2019-04-14,-0.26331164285714287
2019-04-15,-0.2633265714285714
2019-04-16,-0.2633415
2019-04-17,-0.259429
2019-04-18,-0.2555165
2019-04-19,-0.251604
2019-04-20,-0.2476915
2019-04-21,-0.243779
2019-04-22,-0.2398665
2019-04-23,-0.235954
2019-04-24,-0.234303
2019-04-25,-0.232652
2019-04-26,-0.231001
2019-04-27,-0.22935
2019-04-28,-0.227699
2019-04-29,-0.226048
2019-04-30,-0.224397
2019-05-01,-0.22527321428571428
2019-05-02,-0.22614942857142858
2019-05-03,-0.22702564285714286
2019-05-04,-0.22790185714285716
2019-05-05,-0.22877807142857143
2019-05-06,-0.22965428571428573
2019-05-07,-0.2305305
2019-05-08,-0.22878442857142858
2019-05-09,-0.22703835714285714
2019-05-10,-0.22529228571428572
2019-05-11,-0.22354621428571428
2019-05-12,-0.22180014285714286
2019-05-13,-0.22005407142857142
2019-05-14,-0.218308
2019-05-15,-0.2185787857142857
2019-05-16,-0.21884957142857142
2019-05-17,-0.21912035714285713
2019-05-18,-0.21939114285714287
2019-05-19,-0.21966192857142858
2019-05-20,-0.2199327142857143
2019-05-21,-0.2202035
2019-05-22,-0.22000307142857142
2019-05-23,-0.21980264285714285
2019-05-24,-0.21960221428571428
2019-05-25,-0.21940178571428573
2019-05-26,-0.21920135714285716
2019-05-27,-0.21900092857142858
2019-05-28,-0.2188005
2019-05-29,-0.21615635714285716
2019-05-30,-0.2135122142857143
2019-05-31,-0.21086807142857145
2019-06-01,-0.20822392857142857
2019-06-02,-0.20557978571428573
2019-06-03,-0.20293564285714288
2019-06-04,-0.2002915
2019-06-05,-0.1997242142857143
2019-06-06,-0.19915692857142858
2019-06-07,-0.19858964285714287
2019-06-08,-0.19802235714285715
2019-06-09,-0.19745507142857144
2019-06-10,-0.19688778571428572
2019-06-11,-0.1963205
2019-06-12,-0.1938937142857143
2019-06-13,-0.19146692857142858
2019-06-14,-0.18904014285714288
2019-06-15,-0.18661335714285715
2019-06-16,-0.18418657142857145
2019-06-17,-0.18175978571428572
2019-06-18,-0.17933300000000002
2019-06-19,-0.17760242857142858
2019-06-20,-0.17587185714285716
2019-06-21,-0.17414128571428572
2019-06-22,-0.1724107142857143
2019-06-23,-0.17068014285714286
2019-06-24,-0.16894957142857145
2019-06-25,-0.167219
2019-06-26,-0.16798128571428572
2019-06-27,-0.16874357142857144
2019-06-28,-0.16950585714285715
2019-06-29,-0.17026814285714287
2019-06-30,-0.17103042857142858
2019-07-01,-0.1717927142857143
2019-07-02,-0.17255500000000001
2019-07-03,-0.170906
2019-07-04,-0.16925700000000002
2019-07-05,-0.167608
2019-07-06,-0.165959
2019-07-07,-0.16430999999999998
2019-07-08,-0.162661
2019-07-09,-0.161012
2019-07-10,-0.1596375714285714
2019-07-11,-0.15826314285714285
2019-07-12,-0.15688871428571427
2019-07-13,-0.15551428571428572
2019-07-14,-0.15413985714285713
2019-07-15,-0.15276542857142858
2019-07-16,-0.151391
2019-07-17,-0.1508297857142857
2019-07-18,-0.15026857142857142
2019-07-19,-0.14970735714285713
2019-07-20,-0.14914614285714287
2019-07-21,-0.14858492857142858
2019-07-22,-0.1480237142857143
2019-07-23,-0.1474625
2019-07-24,-0.15097721428571428
2019-07-25,-0.15449192857142857
2019-07-26,-0.15800664285714286
2019-07-27,-0.16152135714285715
2019-07-28,-0.16503607142857143
2019-07-29,-0.16855078571428572
2019-07-30,-0.1720655
2019-07-31,-0.17345585714285716
2019-08-01,-0.17484621428571429
2019-08-02,-0.17623657142857144
2019-08-03,-0.1776269285714286
2019-08-04,-0.17901728571428574
2019-08-05,-0.18040764285714286
2019-08-06,-0.18179800000000002
2019-08-07,-0.18266007142857144
2019-08-08,-0.18352214285714288
2019-08-09,-0.1843842142857143
2019-08-10,-0.18524628571428572
2019-08-11,-0.18610835714285714
2019-08-12,-0.1869704285714286
2019-08-13,-0.1878325
2019-08-14,-0.18859535714285716
2019-08-15,-0.18935821428571428
2019-08-16,-0.19012107142857143
2019-08-17,-0.19088392857142858
2019-08-18,-0.19164678571428573
2019-08-19,-0.19240964285714285
2019-08-20,-0.1931725
2019-08-21,-0.19415307142857144
2019-08-22,-0.19513364285714285
2019-08-23,-0.1961142142857143
2019-08-24,-0.1970947857142857
2019-08-25,-0.19807535714285715
2019-08-26,-0.19905592857142856
2019-08-27,-0.2000365
2019-08-28,-0.2008247142857143
2019-08-29,-0.20161292857142857
2019-08-30,-0.20240114285714286
2019-08-31,-0.20318935714285716
2019-09-01,-0.20397757142857145
2019-09-02,-0.20476578571428572
2019-09-03,-0.20555400000000001
2019-09-04,-0.20561528571428572
2019-09-05,-0.20567657142857143
2019-09-06,-0.20573785714285714
2019-09-07,-0.20579914285714287
2019-09-08,-0.20586042857142858
2019-09-09,-0.2059217142857143
2019-09-10,-0.205983
2019-09-11,-0.2061957142857143
2019-09-12,-0.20640842857142858
2019-09-13,-0.20662114285714286
2019-09-14,-0.20683385714285712
2019-09-15,-0.2070465714285714
2019-09-16,-0.2072592857142857
2019-09-17,-0.207472
2019-09-18,-0.20756657142857143
2019-09-19,-0.20766114285714285
2019-09-20,-0.2077557142857143
2019-09-21,-0.2078502857142857
2019-09-22,-0.20794485714285715
2019-09-23,-0.20803942857142857
2019-09-24,-0.208134
2019-09-25,-0.21014585714285716
2019-09-26,-0.21215771428571428
2019-09-27,-0.21416957142857143
2019-09-28,-0.21618142857142858
2019-09-29,-0.21819328571428573
2019-09-30,-0.22020514285714285
2019-10-01,-0.222217
2019-10-02,-0.22670014285714285
2019-10-03,-0.23118328571428573
2019-10-04,-0.23566642857142858
2019-10-05,-0.24014957142857143
2019-10-06,-0.24463271428571431
2019-10-07,-0.24911585714285717
2019-10-08,-0.253599
2019-10-09,-0.25277785714285717
2019-10-10,-0.2519567142857143
2019-10-11,-0.25113557142857146
2019-10-12,-0.25031442857142855
2019-10-13,-0.24949328571428572
2019-10-14,-0.24867214285714284
2019-10-15,-0.247851
2019-10-16,-0.24844914285714284
2019-10-17,-0.2490472857142857
2019-10-18,-0.24964542857142855
2019-10-19,-0.2502435714285714
2019-10-20,-0.2508417142857143
2019-10-21,-0.2514398571428571
2019-10-22,-0.252038
2019-10-23,-0.25507364285714285
2019-10-24,-0.2581092857142857
2019-10-25,-0.26114492857142857
2019-10-26,-0.26418057142857143
2019-10-27,-0.2672162142857143
2019-10-28,-0.27025185714285715
2019-10-29,-0.2732875
2019-10-30,-0.2709263571428572
2019-10-31,-0.2685652142857143
2019-11-01,-0.26620407142857144
2019-11-02,-0.2638429285714286
2019-11-03,-0.26148178571428576
2019-11-04,-0.25912064285714287
2019-11-05,-0.25675950000000003
2019-11-06,-0.25631785714285715
2019-11-07,-0.25587621428571433
2019-11-08,-0.25543457142857146
2019-11-09,-0.2549929285714286
2019-11-10,-0.2545512857142857
2019-11-11,-0.2541096428571429
2019-11-12,-0.253668
2019-11-13,-0.25191514285714284
2019-11-14,-0.2501622857142857
2019-11-15,-0.2484094285714286
2019-11-16,-0.24665657142857142
2019-11-17,-0.24490371428571428
2019-11-18,-0.24315085714285714
2019-11-19,-0.241398
2019-11-20,-0.240264
2019-11-21,-0.23913
2019-11-22,-0.237996
2019-11-23,-0.236862
2019-11-24,-0.235728
2019-11-25,-0.234594
2019-11-26,-0.23346
2019-11-27,-0.23115407142857142
2019-11-28,-0.22884814285714286
2019-11-29,-0.22654221428571428
2019-11-30,-0.22423628571428572
2019-12-01,-0.22193035714285714
2019-12-02,-0.21962442857142858
2019-12-03,-0.2173185
2019-12-04,-0.21541985714285714
2019-12-05,-0.21352121428571427
2019-12-06,-0.2116225714285714
2019-12-07,-0.20972392857142858
2019-12-08,-0.2078252857142857
2019-12-09,-0.20592664285714285
2019-12-10,-0.204028
2019-12-11,-0.2054452857142857
2019-12-12,-0.20686257142857142
2019-12-13,-0.20827985714285713
2019-12-14,-0.20969714285714286
2019-12-15,-0.21111442857142856
2019-12-16,-0.2125317142857143
2019-12-17,-0.213949
2019-12-18,-0.21412742857142858
2019-12-19,-0.21430585714285713
2019-12-20,-0.2144842857142857
2019-12-21,-0.2146627142857143
2019-12-22,-0.21484114285714287
2019-12-23,-0.21501957142857142
2019-12-24,-0.215198
2019-12-25,-0.21499585714285716
2019-12-26,-0.21479371428571428
2019-12-27,-0.21459157142857144
2019-12-28,-0.21438942857142856
2019-12-29,-0.21418728571428572
2019-12-30,-0.21398514285714285
2019-12-31,-0.213783
2020-01-01,-0.2122767142857143
2020-01-02,-0.21077042857142858
2020-01-03,-0.20926414285714287
2020-01-04,-0.20775785714285713
2020-01-05,-0.20625157142857142
2020-01-06,-0.2047452857142857
2020-01-07,-0.203239
2020-01-08,-0.20272028571428571
2020-01-09,-0.20220157142857142
2020-01-10,-0.20168285714285714
2020-01-11,-0.20116414285714287
2020-01-12,-0.20064542857142859
2020-01-13,-0.2001267142857143
2020-01-14,-0.199608
2020-01-15,-0.19961171428571428
2020-01-16,-0.19961542857142858
2020-01-17,-0.19961914285714286
2020-01-18,-0.19962285714285716
2020-01-19,-0.19962657142857143
2020-01-20,-0.19963028571428573
2020-01-21,-0.199634
2020-01-22,-0.2010772857142857
2020-01-23,-0.20252057142857144
2020-01-24,-0.20396385714285714
2020-01-25,-0.20540714285714287
2020-01-26,-0.20685042857142857
2020-01-27,-0.2082937142857143
2020-01-28,-0.209737
2020-01-29,-0.21183164285714287
2020-01-30,-0.2139262857142857
2020-01-31,-0.21602092857142857
2020-02-01,-0.21811557142857144
2020-02-02,-0.2202102142857143
2020-02-03,-0.22230485714285714
2020-02-04,-0.2243995
2020-02-05,-0.22965635714285715
2020-02-06,-0.23491321428571427
2020-02-07,-0.2401700714285714
2020-02-08,-0.24542692857142856
2020-02-09,-0.2506837857142857
2020-02-10,-0.25594064285714285
2020-02-11,-0.26119749999999997
2020-02-12,-0.2660595714285714
2020-02-13,-0.2709216428571428
2020-02-14,-0.27578371428571424
2020-02-15,-0.2806457857142857
2020-02-16,-0.28550785714285715
2020-02-17,-0.29036992857142857
2020-02-18,-0.295232
2020-02-19,-0.307564
2020-02-20,-0.319896
2020-02-21,-0.33222799999999997
2020-02-22,-0.34456
2020-02-23,-0.356892
2020-02-24,-0.369224
2020-02-25,-0.381556
2020-02-26,-0.4002955
2020-02-27,-0.419035
2020-02-28,-0.4377745
2020-02-29,-0.45651400000000003
2020-03-01,-0.4752535
2020-03-02,-0.493993
2020-03-03,-0.5127325
2020-03-04,-0.5363531428571429
2020-03-05,-0.5599737857142858
2020-03-06,-0.5835944285714286
2020-03-07,-0.6072150714285715
2020-03-08,-0.6308357142857144
2020-03-09,-0.6544563571428572
2020-03-10,-0.678077
2020-03-11,-0.6999652857142857
2020-03-12,-0.7218535714285714
2020-03-13,-0.7437418571428571
2020-03-14,-0.7656301428571428
2020-03-15,-0.7875184285714285
2020-03-16,-0.8094067142857142
2020-03-17,-0.8312949999999999
2020-03-18,-0.8634821428571428
2020-03-19,-0.8956692857142856
2020-03-20,-0.9278564285714284
2020-03-21,-0.9600435714285712
2020-03-22,-0.9922307142857141
2020-03-23,-1.0244178571428568
2020-03-24,-1.0566049999999998
2020-03-25,-1.103307857142857
2020-03-26,-1.150010714285714
2020-03-27,-1.1967135714285713
2020-03-28,-1.2434164285714284
2020-03-29,-1.2901192857142858
2020-03-30,-1.336822142857143
2020-03-31,-1.3835250000000001
2020-04-01,-1.384727142857143
2020-04-02,-1.3859292857142858
2020-04-03,-1.3871314285714287
2020-04-04,-1.3883335714285714
2020-04-05,-1.3895357142857143
2020-04-06,-1.390737857142857
2020-04-07,-1.39194
2020-04-08,-1.4054164285714286
2020-04-09,-1.4188928571428572
2020-04-10,-1.4323692857142858
2020-04-11,-1.4458457142857142
2020-04-12,-1.4593221428571428
2020-04-13,-1.4727985714285714
2020-04-14,-1.486275
2020-04-15,-1.496222142857143
2020-04-16,-1.5061692857142857
2020-04-17,-1.5161164285714286
2020-04-18,-1.5260635714285715
2020-04-19,-1.5360107142857145
2020-04-20,-1.5459578571428572
2020-04-21,-1.555905
2020-04-22,-1.5663042857142857
2020-04-23,-1.5767035714285715
2020-04-24,-1.5871028571428571
2020-04-25,-1.597502142857143
2020-04-26,-1.6079014285714286
2020-04-27,-1.6183007142857144
2020-04-28,-1.6287
2020-04-29,-1.6305264285714285
2020-04-30,-1.6323528571428572
2020-05-01,-1.6341792857142856
2020-05-02,-1.6360057142857143
2020-05-03,-1.6378321428571427
2020-05-04,-1.6396585714285714
2020-05-05,-1.6414849999999999
2020-05-06,-1.640512857142857
2020-05-07,-1.6395407142857141
2020-05-08,-1.6385685714285714
2020-05-09,-1.6375964285714284
2020-05-10,-1.6366242857142856
2020-05-11,-1.6356521428571427
2020-05-12,-1.63468
2020-05-13,-1.6316042857142856
2020-05-14,-1.6285285714285713
2020-05-15,-1.625452857142857
2020-05-16,-1.622377142857143
2020-05-17,-1.6193014285714287
2020-05-18,-1.6162257142857144
2020-05-19,-1.61315
2020-05-20,-1.603232142857143
2020-05-21,-1.5933142857142857
2020-05-22,-1.5833964285714286
2020-05-23,-1.5734785714285715
2020-05-24,-1.5635607142857144
2020-05-25,-1.553642857142857
2020-05-26,-1.543725
2020-05-27,-1.5333128571428571
2020-05-28,-1.5229007142857143
2020-05-29,-1.5124885714285714
2020-05-30,-1.5020764285714285
2020-05-31,-1.4916642857142857
2020-06-01,-1.4812521428571428
2020-06-02,-1.47084
2020-06-03,-1.4592392857142857
2020-06-04,-1.4476385714285713
2020-06-05,-1.4360378571428571
2020-06-06,-1.424437142857143
2020-06-07,-1.4128364285714288
2020-06-08,-1.4012357142857144
2020-06-09,-1.3896350000000002
2020-06-10,-1.3808857142857145
2020-06-11,-1.3721364285714286
2020-06-12,-1.363387142857143
2020-06-13,-1.3546378571428572
2020-06-14,-1.3458885714285715
2020-06-15,-1.3371392857142856
2020-06-16,-1.32839
2020-06-17,-1.3210514285714285
2020-06-18,-1.3137128571428571
2020-06-19,-1.3063742857142857
2020-06-20,-1.299035714285714
2020-06-21,-1.2916971428571427
2020-06-22,-1.2843585714285712
2020-06-23,-1.2770199999999998
2020-06-24,-1.2675414285714284
2020-06-25,-1.258062857142857
2020-06-26,-1.2485842857142855
2020-06-27,-1.2391057142857143
2020-06-28,-1.2296271428571428
2020-06-29,-1.2201485714285714
2020-06-30,-1.21067
2020-07-01,-1.2056514285714284
2020-07-02,-1.200632857142857
2020-07-03,-1.1956142857142855
2020-07-04,-1.1905957142857142
2020-07-05,-1.1855771428571427
2020-07-06,-1.1805585714285713
2020-07-07,-1.1755399999999998
2020-07-08,-1.167437857142857
2020-07-09,-1.1593357142857141
2020-07-10,-1.1512335714285713
2020-07-11,-1.1431314285714287
2020-07-12,-1.1350292857142859
2020-07-13,-1.126927142857143
2020-07-14,-1.1188250000000002
2020-07-15,-1.1051778571428572
2020-07-16,-1.0915307142857145
2020-07-17,-1.0778835714285715
2020-07-18,-1.0642364285714287
2020-07-19,-1.0505892857142858
2020-07-20,-1.036942142857143
2020-07-21,-1.023295
2020-07-22,-1.018876142857143
2020-07-23,-1.0144572857142857
2020-07-24,-1.0100384285714286
2020-07-25,-1.0056195714285714
2020-07-26,-1.0012007142857142
2020-07-27,-0.9967818571428572
2020-07-28,-0.992363
2020-07-29,-0.9807534285714286
2020-07-30,-0.9691438571428571
2020-07-31,-0.9575342857142857
2020-08-01,-0.9459247142857143
2020-08-02,-0.9343151428571429
2020-08-03,-0.9227055714285715
2020-08-04,-0.911096
2020-08-05,-0.8995446428571429
2020-08-06,-0.8879932857142857
2020-08-07,-0.8764419285714286
2020-08-08,-0.8648905714285715
2020-08-09,-0.8533392142857144
2020-08-10,-0.8417878571428572
2020-08-11,-0.8302365
2020-08-12,-0.8177441428571429
2020-08-13,-0.8052517857142858
2020-08-14,-0.7927594285714287
2020-08-15,-0.7802670714285714
2020-08-16,-0.7677747142857143
2020-08-17,-0.7552823571428572
2020-08-18,-0.7427900000000001
2020-08-19,-0.7306991428571429
2020-08-20,-0.7186082857142857
2020-08-21,-0.7065174285714285
2020-08-22,-0.6944265714285714
2020-08-23,-0.6823357142857143
2020-08-24,-0.6702448571428571
2020-08-25,-0.6581539999999999
2020-08-26,-0.6481115
2020-08-27,-0.6380689999999999
2020-08-28,-0.6280264999999999
2020-08-29,-0.617984
2020-08-30,-0.6079415
2020-08-31,-0.597899
2020-09-01,-0.5878565
2020-09-02,-0.5729778571428571
2020-09-03,-0.5580992142857143
2020-09-04,-0.5432205714285714
2020-09-05,-0.5283419285714286
2020-09-06,-0.5134632857142857
2020-09-07,-0.4985846428571428
2020-09-08,-0.48370599999999997
2020-09-09,-0.47500621428571427
2020-09-10,-0.46630642857142857
2020-09-11,-0.45760664285714286
2020-09-12,-0.44890685714285716
2020-09-13,-0.4402070714285714
2020-09-14,-0.4315072857142857
2020-09-15,-0.4228075
2020-09-16,-0.4149738571428571
2020-09-17,-0.4071402142857143
2020-09-18,-0.3993065714285714
2020-09-19,-0.39147292857142857
2020-09-20,-0.3836392857142857
2020-09-21,-0.37580564285714285
2020-09-22,-0.36797199999999997
2020-09-23,-0.3618781428571428
2020-09-24,-0.3557842857142857
2020-09-25,-0.34969042857142857
2020-09-26,-0.3435965714285714
2020-09-27,-0.33750271428571427
2020-09-28,-0.33140885714285717
2020-09-29,-0.325315
2020-09-30,-0.3079655
2020-10-01,-0.29061600000000004
2020-10-02,-0.2732665
2020-10-03,-0.255917
2020-10-04,-0.23856750000000002
2020-10-05,-0.22121800000000003
2020-10-06,-0.2038685
2020-10-07,-0.18967557142857144
2020-10-08,-0.17548264285714288
2020-10-09,-0.1612897142857143
2020-10-10,-0.14709678571428572
2020-10-11,-0.13290385714285713
2020-10-12,-0.11871092857142858
2020-10-13,-0.104518
2020-10-14,-0.09299509285714286
2020-10-15,-0.08147218571428572
2020-10-16,-0.06994927857142857
2020-10-17,-0.05842637142857143
2020-10-18,-0.04690346428571429
2020-10-19,-0.03538055714285715
2020-10-20,-0.02385765
2020-10-21,-0.019048069285714286
2020-10-22,-0.014238488571428572
2020-10-23,-0.009428907857142857
2020-10-24,-0.004619327142857142
2020-10-25,1.9025357142857247e-4
2020-10-26,0.004999834285714287
2020-10-27,0.009809415
2020-10-28,0.014742977142857144
2020-10-29,0.019676539285714285
2020-10-30,0.02461010142857143
2020-10-31,0.02954366357142857
2020-11-01,0.034477225714285714
2020-11-02,0.03941078785714286
2020-11-03,0.044344350000000005
2020-11-04,0.04982352142857143
2020-11-05,0.05530269285714286
2020-11-06,0.06078186428571429
2020-11-07,0.06626103571428571
2020-11-08,0.07174020714285714
2020-11-09,0.07721937857142858
2020-11-10,0.08269855
2020-11-11,0.08692725714285714
2020-11-12,0.09115596428571428
2020-11-13,0.09538467142857142
2020-11-14,0.09961337857142857
2020-11-15,0.10384208571428571
2020-11-16,0.10807079285714286
2020-11-17,0.1122995
2020-11-18,0.11396764285714285
2020-11-19,0.1156357857142857
2020-11-20,0.11730392857142856
2020-11-21,0.11897207142857143
2020-11-22,0.12064021428571428
2020-11-23,0.12230835714285714
2020-11-24,0.12397649999999999
2020-11-25,0.12370971428571427
2020-11-26,0.12344292857142856
2020-11-27,0.12317614285714285
2020-11-28,0.12290935714285714
2020-11-29,0.12264257142857142
2020-11-30,0.12237578571428571
2020-12-01,0.122109
2020-12-02,0.12169964285714285
2020-12-03,0.12129028571428571
2020-12-04,0.12088092857142857
2020-12-05,0.12047157142857143
2020-12-06,0.12006221428571429
2020-12-07,0.11965285714285714
2020-12-08,0.1192435
2020-12-09,0.11723164285714285
2020-12-10,0.11521978571428572
2020-12-11,0.11320792857142857
2020-12-12,0.11119607142857144
2020-12-13,0.10918421428571429
2020-12-14,0.10717235714285715
2020-12-15,0.1051605
2020-12-16,0.10189082857142857
2020-12-17,0.09862115714285714
2020-12-18,0.09535148571428573
2020-12-19,0.0920818142857143
2020-12-20,0.08881214285714287
2020-12-21,0.08554247142857144
2020-12-22,0.08227280000000001
2020-12-23,0.08035437857142858
2020-12-24,0.07843595714285714
2020-12-25,0.07651753571428571
2020-12-26,0.0745991142857143
2020-12-27,0.07268069285714286
2020-12-28,0.07076227142857143
2020-12-29,0.06884385
2020-12-30,0.06844535714285714
2020-12-31,0.06804686428571428
2021-01-01,0.06764837142857143
2021-01-02,0.06724987857142857
2021-01-03,0.06685138571428571
2021-01-04,0.06645289285714286
2021-01-05,0.0660544
2021-01-06,0.06434402142857143
2021-01-07,0.06263364285714286
2021-01-08,0.06092326428571428
2021-01-09,0.059212885714285714
2021-01-10,0.05750250714285714
2021-01-11,0.05579212857142857
2021-01-12,0.05408175
2021-01-13,0.051638142857142855
2021-01-14,0.04919453571428571
2021-01-15,0.04675092857142857
2021-01-16,0.044307321428571425
2021-01-17,0.04186371428571428
2021-01-18,0.03942010714285714
2021-01-19,0.036976499999999995
2021-01-20,0.03361377857142857
2021-01-21,0.03025105714285714
2021-01-22,0.026888335714285713
2021-01-23,0.023525614285714286
2021-01-24,0.020162892857142855
2021-01-25,0.016800171428571428
2021-01-26,0.01343745
2021-01-27,0.012477117857142858
2021-01-28,0.011516785714285714
2021-01-29,0.010556453571428571
2021-01-30,0.00959612142857143
2021-01-31,0.008635789285714285
2021-02-01,0.007675457142857143
2021-02-02,0.006715125
2021-02-03,0.008361007142857143
2021-02-04,0.010006889285714285
2021-02-05,0.011652771428571428
2021-02-06,0.01329865357142857
2021-02-07,0.014944535714285712
2021-02-08,0.016590417857142856
2021-02-09,0.018236299999999997
2021-02-10,0.018301864285714283
2021-02-11,0.01836742857142857
2021-02-12,0.018432992857142855
2021-02-13,0.01849855714285714
2021-02-14,0.018564121428571428
2021-02-15,0.018629685714285714
2021-02-16,0.01869525
2021-02-17,0.019628285714285713
2021-02-18,0.02056132142857143
2021-02-19,0.02149435714285714
2021-02-20,0.022427392857142858
2021-02-21,0.02336042857142857
2021-02-22,0.024293464285714286
2021-02-23,0.0252265
2021-02-24,0.02803512857142857
2021-02-25,0.030843757142857142
2021-02-26,0.033652385714285714
2021-02-27,0.036461014285714285
2021-02-28,0.03926964285714286
2021-03-01,0.04207827142857143
2021-03-02,0.0448869
2021-03-03,0.05066952857142857
2021-03-04,0.056452157142857146
2021-03-05,0.062234785714285715
2021-03-06,0.06801741428571428
2021-03-07,0.07380004285714287
2021-03-08,0.07958267142857142
2021-03-09,0.0853653
2021-03-10,0.09764625714285714
2021-03-11,0.10992721428571428
2021-03-12,0.12220817142857143
2021-03-13,0.13448912857142856
2021-03-14,0.1467700857142857
2021-03-15,0.15905104285714283
2021-03-16,0.17133199999999998
2021-03-17,0.19463014285714283
2021-03-18,0.2179282857142857
2021-03-19,0.24122642857142856
2021-03-20,0.26452457142857144
2021-03-21,0.28782271428571427
2021-03-22,0.31112085714285714
2021-03-23,0.334419
2021-03-24,0.3958552142857143
2021-03-25,0.45729142857142857
2021-03-26,0.5187276428571428
2021-03-27,0.5801638571428571
2021-03-28,0.6416000714285715
2021-03-29,0.7030362857142857
2021-03-30,0.7644725
2021-03-31,0.7519529285714286
2021-04-01,0.7394333571428571
2021-04-02,0.7269137857142857
2021-04-03,0.7143942142857143
2021-04-04,0.7018746428571427
2021-04-05,0.6893550714285713
2021-04-06,0.6768354999999999
2021-04-07,0.6795812142857142
2021-04-08,0.6823269285714285
2021-04-09,0.6850726428571428
2021-04-10,0.6878183571428571
2021-04-11,0.6905640714285713
2021-04-12,0.6933097857142857
2021-04-13,0.6960554999999999
2021-04-14,0.7070305714285714
2021-04-15,0.7180056428571429
2021-04-16,0.7289807142857143
2021-04-17,0.7399557857142857
2021-04-18,0.7509308571428571
2021-04-19,0.7619059285714286
2021-04-20,0.772881
2021-04-21,0.7956361428571429
2021-04-22,0.8183912857142858
2021-04-23,0.8411464285714285
2021-04-24,0.8639015714285714
2021-04-25,0.8866567142857142
2021-04-26,0.9094118571428571
2021-04-27,0.932167
2021-04-28,0.9395144285714285
2021-04-29,0.9468618571428571
2021-04-30,0.9542092857142856
2021-05-01,0.9615567142857143
2021-05-02,0.9689041428571429
2021-05-03,0.9762515714285714
2021-05-04,0.983599
2021-05-05,0.9895562857142858
2021-05-06,0.9955135714285714
2021-05-07,1.0014708571428572
2021-05-08,1.007428142857143
2021-05-09,1.0133854285714285
2021-05-10,1.0193427142857143
2021-05-11,1.0253
2021-05-12,1.0243942857142858
2021-05-13,1.0234885714285715
2021-05-14,1.0225828571428572
2021-05-15,1.021677142857143
2021-05-16,1.0207714285714287
2021-05-17,1.0198657142857144
2021-05-18,1.01896
2021-05-19,1.0162785714285716
2021-05-20,1.0135971428571429
2021-05-21,1.0109157142857144
2021-05-22,1.0082342857142856
2021-05-23,1.0055528571428571
2021-05-24,1.0028714285714284
2021-05-25,1.00019
2021-05-26,0.9955187857142856
2021-05-27,0.9908475714285714
2021-05-28,0.9861763571428571
2021-05-29,0.9815051428571427
2021-05-30,0.9768339285714285
2021-05-31,0.9721627142857142
2021-06-01,0.9674915
2021-06-02,0.9599869285714285
2021-06-03,0.9524823571428571
2021-06-04,0.9449777857142857
2021-06-05,0.9374732142857142
2021-06-06,0.9299686428571428
2021-06-07,0.9224640714285713
2021-06-08,0.9149594999999999
2021-06-09,0.9046184999999999
2021-06-10,0.8942775
2021-06-11,0.8839364999999999
2021-06-12,0.8735955
2021-06-13,0.8632544999999999
2021-06-14,0.8529135
2021-06-15,0.8425725
2021-06-16,0.8365045
2021-06-17,0.8304364999999999
2021-06-18,0.8243685
2021-06-19,0.8183005
2021-06-20,0.8122325
2021-06-21,0.8061645
2021-06-22,0.8000965
2021-06-23,0.7923736428571428
2021-06-24,0.7846507857142857
2021-06-25,0.7769279285714286
2021-06-26,0.7692050714285714
2021-06-27,0.7614822142857143
2021-06-28,0.7537593571428571
2021-06-29,0.7460365
2021-06-30,0.7448385714285715
2021-07-01,0.7436406428571428
2021-07-02,0.7424427142857143
2021-07-03,0.7412447857142858
2021-07-04,0.7400468571428572
2021-07-05,0.7388489285714286
2021-07-06,0.7376510000000001
2021-07-07,0.7331768571428572
2021-07-08,0.7287027142857143
2021-07-09,0.7242285714285714
2021-07-10,0.7197544285714286
2021-07-11,0.7152802857142857
2021-07-12,0.7108061428571428
2021-07-13,0.706332
2021-07-14,0.7047092142857142
2021-07-15,0.7030864285714286
2021-07-16,0.7014636428571428
2021-07-17,0.6998408571428572
2021-07-18,0.6982180714285714
2021-07-19,0.6965952857142858
2021-07-20,0.6949725
2021-07-21,0.6897175
2021-07-22,0.6844625
2021-07-23,0.6792075
2021-07-24,0.6739525000000001
2021-07-25,0.6686975000000001
2021-07-26,0.6634425
2021-07-27,0.6581875
2021-07-28,0.6557557857142857
2021-07-29,0.6533240714285715
2021-07-30,0.6508923571428572
2021-07-31,0.6484606428571429
2021-08-01,0.6460289285714286
2021-08-02,0.6435972142857144
2021-08-03,0.6411655
2021-08-04,0.6380480000000001
2021-08-05,0.6349305000000001
2021-08-06,0.6318130000000001
2021-08-07,0.6286955
2021-08-08,0.625578
2021-08-09,0.6224605
2021-08-10,0.619343
2021-08-11,0.6169957857142857
2021-08-12,0.6146485714285714
2021-08-13,0.6123013571428572
2021-08-14,0.6099541428571428
2021-08-15,0.6076069285714285
2021-08-16,0.6052597142857142
2021-08-17,0.6029125
2021-08-18,0.6003402142857143
2021-08-19,0.5977679285714286
2021-08-20,0.5951956428571429
2021-08-21,0.5926233571428571
2021-08-22,0.5900510714285714
2021-08-23,0.5874787857142857
2021-08-24,0.5849065
2021-08-25,0.5813601428571429
2021-08-26,0.5778137857142857
2021-08-27,0.5742674285714285
2021-08-28,0.5707210714285714
2021-08-29,0.5671747142857143
2021-08-30,0.5636283571428571
2021-08-31,0.560082
2021-09-01,0.5573739999999999
2021-09-02,0.554666
2021-09-03,0.551958
2021-09-04,0.54925
2021-09-05,0.546542
2021-09-06,0.543834
2021-09-07,0.541126
2021-09-08,0.5398382857142857
2021-09-09,0.5385505714285714
2021-09-10,0.5372628571428572
2021-09-11,0.5359751428571429
2021-09-12,0.5346874285714286
2021-09-13,0.5333997142857143
2021-09-14,0.532112
2021-09-15,0.5308790714285715
2021-09-16,0.5296461428571428
2021-09-17,0.5284132142857143
2021-09-18,0.5271802857142857
2021-09-19,0.5259473571428571
2021-09-20,0.5247144285714285
2021-09-21,0.5234814999999999
2021-09-22,0.5243206428571429
2021-09-23,0.5251597857142857
2021-09-24,0.5259989285714286
2021-09-25,0.5268380714285714
2021-09-26,0.5276772142857143
2021-09-27,0.5285163571428572
2021-09-28,0.5293555000000001
2021-09-29,0.5290625000000001
2021-09-30,0.5287695000000001
2021-10-01,0.5284765000000001
2021-10-02,0.5281835
2021-10-03,0.5278905
2021-10-04,0.5275975
2021-10-05,0.5273045000000001
2021-10-06,0.5250407142857143
2021-10-07,0.5227769285714287
2021-10-08,0.5205131428571429
2021-10-09,0.5182493571428571
2021-10-10,0.5159855714285714
2021-10-11,0.5137217857142857
2021-10-12,0.511458
2021-10-13,0.5109669285714286
2021-10-14,0.5104758571428571
2021-10-15,0.5099847857142857
2021-10-16,0.5094937142857142
2021-10-17,0.5090026428571428
2021-10-18,0.5085115714285714
2021-10-19,0.5080205
2021-10-20,0.5092940714285714
2021-10-21,0.5105676428571428
2021-10-22,0.5118412142857143
2021-10-23,0.5131147857142857
2021-10-24,0.5143883571428571
2021-10-25,0.5156619285714286
2021-10-26,0.5169355
2021-10-27,0.5172551428571428
2021-10-28,0.5175747857142857
2021-10-29,0.5178944285714285
2021-10-30,0.5182140714285715
2021-10-31,0.5185337142857143
2021-11-01,0.5188533571428572
2021-11-02,0.519173
2021-11-03,0.5207825714285714
2021-11-04,0.5223921428571429
2021-11-05,0.5240017142857143
2021-11-06,0.5256112857142857
2021-11-07,0.5272208571428572
2021-11-08,0.5288304285714286
2021-11-09,0.53044
2021-11-10,0.5340312142857143
2021-11-11,0.5376224285714286
2021-11-12,0.5412136428571429
2021-11-13,0.5448048571428571
2021-11-14,0.5483960714285714
2021-11-15,0.5519872857142857
2021-11-16,0.5555785
2021-11-17,0.5556408571428572
2021-11-18,0.5557032142857142
2021-11-19,0.5557655714285714
2021-11-20,0.5558279285714285
2021-11-21,0.5558902857142857
2021-11-22,0.5559526428571427
2021-11-23,0.5560149999999999
2021-11-24,0.5580765
2021-11-25,0.5601379999999999
2021-11-26,0.5621995
2021-11-27,0.5642609999999999
2021-11-28,0.5663225
2021-11-29,0.5683839999999999
2021-11-30,0.5704454999999999
2021-12-01,0.5705374999999999
2021-12-02,0.5706295
2021-12-03,0.5707215
2021-12-04,0.5708135
2021-12-05,0.5709055
2021-12-06,0.5709975
2021-12-07,0.5710895
2021-12-08,0.5698173571428572
2021-12-09,0.5685452142857143
2021-12-10,0.5672730714285714
2021-12-11,0.5660009285714286
2021-12-12,0.5647287857142858
2021-12-13,0.5634566428571428
2021-12-14,0.5621845
2021-12-15,0.5620975
2021-12-16,0.5620105
2021-12-17,0.5619235
2021-12-18,0.5618365
2021-12-19,0.5617495
2021-12-20,0.5616625
2021-12-21,0.5615755
2021-12-22,0.5613665714285715
2021-12-23,0.5611576428571429
2021-12-24,0.5609487142857144
2021-12-25,0.5607397857142857
2021-12-26,0.5605308571428572
2021-12-27,0.5603219285714286
2021-12-28,0.5601130000000001
2021-12-29,0.56107707142857155
2021-12-30,0.5620411428571429
2021-12-31,0.5630052142857144
2022-01-01,0.5639692857142857
2022-01-02,0.5649333571428572
2022-01-03,0.5658974285714286
2022-01-04,0.5668615
2022-01-05,0.5679845
2022-01-06,0.5691075
2022-01-07,0.5702305
2022-01-08,0.5713535000000001
2022-01-09,0.5724765
2022-01-10,0.5735995
2022-01-11,0.5747225
2022-01-12,0.5749890714285715
2022-01-13,0.5752556428571428
2022-01-14,0.5755222142857143
2022-01-15,0.5757887857142857
2022-01-16,0.5760553571428572
2022-01-17,0.5763219285714285
2022-01-18,0.5765885
2022-01-19,0.5785775
2022-01-20,0.5805665
2022-01-21,0.5825555
2022-01-22,0.5845445
2022-01-23,0.5865335
2022-01-24,0.5885225000000001
2022-01-25,0.5905115000000001
2022-01-26,0.592426642857143
2022-01-27,0.5943417857142858
2022-01-28,0.5962569285714286
2022-01-29,0.5981720714285714
2022-01-30,0.6000872142857143
2022-01-31,0.6020023571428571
2022-02-01,0.6039175
2022-02-02,0.6039264285714285
2022-02-03,0.6039353571428572
2022-02-04,0.6039442857142857
2022-02-05,0.6039532142857142
2022-02-06,0.6039621428571428
2022-02-07,0.6039710714285714
2022-02-08,0.60398
2022-02-09,0.6060680714285714
2022-02-10,0.6081561428571428
2022-02-11,0.6102442142857143
2022-02-12,0.6123322857142857
2022-02-13,0.6144203571428571
2022-02-14,0.6165084285714285
2022-02-15,0.6185965
2022-02-16,0.617856
2022-02-17,0.6171155
2022-02-18,0.616375
2022-02-19,0.6156345
2022-02-20,0.6148939999999999
2022-02-21,0.6141535
2022-02-22,0.613413
2022-02-23,0.6131586428571428
2022-02-24,0.6129042857142857
2022-02-25,0.6126499285714285
2022-02-26,0.6123955714285715
2022-02-27,0.6121412142857143
2022-02-28,0.6118868571428572
2022-03-01,0.6116325
2022-03-02,0.6093878571428571
2022-03-03,0.6071432142857143
2022-03-04,0.6048985714285714
2022-03-05,0.6026539285714286
2022-03-06,0.6004092857142858
2022-03-07,0.5981646428571429
2022-03-08,0.59592
2022-03-09,0.5936570714285714
2022-03-10,0.5913941428571429
2022-03-11,0.5891312142857142
2022-03-12,0.5868682857142857
2022-03-13,0.5846053571428571
2022-03-14,0.5823424285714286
2022-03-15,0.5800795
2022-03-16,0.5772574285714286
2022-03-17,0.5744353571428571
2022-03-18,0.5716132857142857
2022-03-19,0.5687912142857142
2022-03-20,0.5659691428571428
2022-03-21,0.5631470714285713
2022-03-22,0.560325
2022-03-23,0.5568914285714285
2022-03-24,0.5534578571428571
2022-03-25,0.5500242857142856
2022-03-26,0.5465907142857143
2022-03-27,0.5431571428571428
2022-03-28,0.5397235714285714
2022-03-29,0.5362899999999999
2022-03-30,0.5391249285714285
2022-03-31,0.5419598571428571
2022-04-01,0.5447947857142856
2022-04-02,0.5476297142857143
2022-04-03,0.5504646428571428
2022-04-04,0.5532995714285714
2022-04-05,0.5561345
2022-04-06,0.5593885714285715
2022-04-07,0.5626426428571428
2022-04-08,0.5658967142857143
2022-04-09,0.5691507857142857
2022-04-10,0.5724048571428572
2022-04-11,0.5756589285714285
2022-04-12,0.578913
2022-04-13,0.5761340714285714
2022-04-14,0.5733551428571428
2022-04-15,0.5705762142857143
2022-04-16,0.5677972857142857
2022-04-17,0.5650183571428571
2022-04-18,0.5622394285714285
2022-04-19,0.5594604999999999
2022-04-20,0.5591124999999999
2022-04-21,0.5587645
2022-04-22,0.5584165
2022-04-23,0.5580685
2022-04-24,0.5577205
2022-04-25,0.5573725
2022-04-26,0.5570245
2022-04-27,0.5571552142857144
2022-04-28,0.5572859285714286
2022-04-29,0.5574166428571429
2022-04-30,0.5575473571428572
2022-05-01,0.5576780714285715
2022-05-02,0.5578087857142857
2022-05-03,0.5579395
2022-05-04,0.5586271428571429
2022-05-05,0.5593147857142857
2022-05-06,0.5600024285714286
2022-05-07,0.5606900714285715
2022-05-08,0.5613777142857144
2022-05-09,0.5620653571428572
2022-05-10,0.5627530000000001
2022-05-11,0.5638616428571429
2022-05-12,0.5649702857142858
2022-05-13,0.5660789285714286
2022-05-14,0.5671875714285715
2022-05-15,0.5682962142857143
2022-05-16,0.5694048571428572
2022-05-17,0.5705135
2022-05-18,0.5697507142857143
2022-05-19,0.5689879285714285
2022-05-20,0.5682251428571429
2022-05-21,0.5674623571428572
2022-05-22,0.5666995714285715
2022-05-23,0.5659367857142857
2022-05-24,0.5651740000000001
2022-05-25,0.5649773571428572
2022-05-26,0.5647807142857143
2022-05-27,0.5645840714285715
2022-05-28,0.5643874285714285
2022-05-29,0.5641907857142857
2022-05-30,0.5639941428571428
2022-05-31,0.5637975
2022-06-01,0.5621583571428571
2022-06-02,0.5605192142857143
2022-06-03,0.5588800714285714
2022-06-04,0.5572409285714285
2022-06-05,0.5556017857142856
2022-06-06,0.5539626428571428
2022-06-07,0.5523235
2022-06-08,0.5495336428571428
2022-06-09,0.5467437857142857
2022-06-10,0.5439539285714285
2022-06-11,0.5411640714285715
2022-06-12,0.5383742142857143
2022-06-13,0.5355843571428572
2022-06-14,0.5327945000000001
2022-06-15,0.5306594285714287
2022-06-16,0.5285243571428572
2022-06-17,0.5263892857142858
2022-06-18,0.5242542142857143
2022-06-19,0.5221191428571429
2022-06-20,0.5199840714285714
2022-06-21,0.517849
2022-06-22,0.5124715
2022-06-23,0.507094
2022-06-24,0.5017165
2022-06-25,0.496339
2022-06-26,0.4909615
2022-06-27,0.485584
2022-06-28,0.4802065
2022-06-29,0.4821114285714286
2022-06-30,0.4840163571428571
2022-07-01,0.4859212857142857
2022-07-02,0.48782621428571427
2022-07-03,0.48973114285714286
2022-07-04,0.4916360714285714
2022-07-05,0.493541
2022-07-06,0.49411464285714285
2022-07-07,0.4946882857142857
2022-07-08,0.49526192857142853
2022-07-09,0.49583557142857143
2022-07-10,0.4964092142857143
2022-07-11,0.4969828571428571
2022-07-12,0.49755649999999996
2022-07-13,0.49478471428571424
2022-07-14,0.49201292857142853
2022-07-15,0.4892411428571428
2022-07-16,0.4864693571428571
2022-07-17,0.4836975714285714
2022-07-18,0.4809257857142857
2022-07-19,0.47815399999999997
2022-07-20,0.47515528571428567
2022-07-21,0.4721565714285714
2022-07-22,0.4691578571428571
2022-07-23,0.4661591428571428
2022-07-24,0.46316042857142853
2022-07-25,0.4601617142857143
2022-07-26,0.457163
2022-07-27,0.45319442857142855
2022-07-28,0.4492258571428571
2022-07-29,0.4452572857142857
2022-07-30,0.44128871428571426
2022-07-31,0.4373201428571428
2022-08-01,0.4333515714285714
2022-08-02,0.42938299999999996
2022-08-03,0.4287803571428571
2022-08-04,0.4281777142857142
2022-08-05,0.4275750714285714
2022-08-06,0.42697242857142853
2022-08-07,0.4263697857142857
2022-08-08,0.4257671428571428
2022-08-09,0.42516449999999995
2022-08-10,0.42267028571428567
2022-08-11,0.4201760714285714
2022-08-12,0.4176818571428571
2022-08-13,0.4151876428571428
2022-08-14,0.41269342857142854
2022-08-15,0.41019921428571426
2022-08-16,0.407705
2022-08-17,0.40357721428571425
2022-08-18,0.39944942857142857
2022-08-19,0.39532164285714283
2022-08-20,0.39119385714285715
2022-08-21,0.3870660714285714
2022-08-22,0.38293828571428573
2022-08-23,0.3788105
2022-08-24,0.37604935714285714
2022-08-25,0.3732882142857143
2022-08-26,0.37052707142857144
2022-08-27,0.3677659285714286
2022-08-28,0.36500478571428574
2022-08-29,0.3622436428571429
2022-08-30,0.35948250000000004
2022-08-31,0.3546037142857143
2022-09-01,0.3497249285714286
2022-09-02,0.3448461428571429
2022-09-03,0.3399673571428572
2022-09-04,0.33508857142857146
2022-09-05,0.3302097857142858
2022-09-06,0.32533100000000004
2022-09-07,0.3240102142857143
2022-09-08,0.3226894285714286
2022-09-09,0.3213686428571429
2022-09-10,0.32004785714285716
2022-09-11,0.31872707142857143
2022-09-12,0.31740628571428575
2022-09-13,0.3160855
2022-09-14,0.30883150000000004
2022-09-15,0.3015775
2022-09-16,0.2943235
2022-09-17,0.28706950000000003
2022-09-18,0.2798155
2022-09-19,0.2725615
2022-09-20,0.26530750000000003
2022-09-21,0.2559427142857143
2022-09-22,0.2465779285714286
2022-09-23,0.23721314285714287
2022-09-24,0.22784835714285714
2022-09-25,0.21848357142857144
2022-09-26,0.20911878571428572
2022-09-27,0.199754
2022-09-28,0.19914171428571428
2022-09-29,0.19852942857142855
2022-09-30,0.19791714285714285
2022-10-01,0.19730485714285714
2022-10-02,0.19669257142857144
2022-10-03,0.1960802857142857
2022-10-04,0.195468
2022-10-05,0.194324
2022-10-06,0.19318
2022-10-07,0.19203599999999998
2022-10-08,0.190892
2022-10-09,0.189748
2022-10-10,0.188604
2022-10-11,0.18746
2022-10-12,0.18747157142857143
2022-10-13,0.18748314285714285
2022-10-14,0.1874947142857143
2022-10-15,0.1875062857142857
2022-10-16,0.18751785714285715
2022-10-17,0.18752942857142857
2022-10-18,0.187541
2022-10-19,0.18278850000000002
2022-10-20,0.178036
2022-10-21,0.1732835
2022-10-22,0.16853100000000001
2022-10-23,0.1637785
2022-10-24,0.159026
2022-10-25,0.1542735
2022-10-26,0.15000235714285715
2022-10-27,0.14573121428571428
2022-10-28,0.14146007142857142
2022-10-29,0.1371889285714286
2022-10-30,0.13291778571428572
2022-10-31,0.12864664285714286
2022-11-01,0.1243755
2022-11-02,0.11957883571428571
2022-11-03,0.11478217142857143
2022-11-04,0.10998550714285714
2022-11-05,0.10518884285714286
2022-11-06,0.10039217857142857
2022-11-07,0.09559551428571429
2022-11-08,0.09079885
2022-11-09,0.08605534285714286
2022-11-10,0.08131183571428571
2022-11-11,0.07656832857142858
2022-11-12,0.07182482142857143
2022-11-13,0.06708131428571429
2022-11-14,0.062337807142857145
2022-11-15,0.0575943
2022-11-16,0.053138978571428575
2022-11-17,0.04868365714285715
2022-11-18,0.044228335714285714
2022-11-19,0.03977301428571429
2022-11-20,0.035317692857142854
2022-11-21,0.03086237142857143
2022-11-22,0.02640705
2022-11-23,0.020593785714285717
2022-11-24,0.01478052142857143
2022-11-25,0.008967257142857146
2022-11-26,0.003153992857142858
2022-11-27,-0.0026592714285714296
2022-11-28,-0.00847253571428571
2022-11-29,-0.014285800000000001
2022-11-30,-0.015318242857142858
2022-12-01,-0.016350685714285714
2022-12-02,-0.017383128571428572
2022-12-03,-0.01841557142857143
2022-12-04,-0.019448014285714285
2022-12-05,-0.020480457142857143
2022-12-06,-0.0215129
2022-12-07,-0.023514378571428574
2022-12-08,-0.025515857142857142
2022-12-09,-0.027517335714285714
2022-12-10,-0.029518814285714283
2022-12-11,-0.031520292857142855
2022-12-12,-0.03352177142857143
2022-12-13,-0.03552325
2022-12-14,-0.03616308571428571
2022-12-15,-0.03680292142857143
2022-12-16,-0.03744275714285714
2022-12-17,-0.038082592857142855
2022-12-18,-0.03872242857142857
2022-12-19,-0.03936226428571429
2022-12-20,-0.0400021
2022-12-21,-0.04035682142857143
2022-12-22,-0.04071154285714285
2022-12-23,-0.041066264285714284
2022-12-24,-0.041420985714285714
2022-12-25,-0.041775707142857145
2022-12-26,-0.04213042857142857
2022-12-27,-0.04248515
2022-12-28,-0.04195515714285714
2022-12-29,-0.041425164285714286
2022-12-30,-0.04089517142857143
2022-12-31,-0.040365178571428566
2023-01-01,-0.03983518571428571
2023-01-02,-0.03930519285714285
2023-01-03,-0.038775199999999996
2023-01-04,-0.03770493571428571
2023-01-05,-0.03663467142857143
2023-01-06,-0.03556440714285714
2023-01-07,-0.034494142857142855
2023-01-08,-0.03342387857142857
2023-01-09,-0.03235361428571429
2023-01-10,-0.03128335
2023-01-11,-0.030328692857142858
2023-01-12,-0.029374035714285714
2023-01-13,-0.028419378571428573
2023-01-14,-0.02746472142857143
2023-01-15,-0.026510064285714285
2023-01-16,-0.02555540714285714
2023-01-17,-0.024600749999999998
2023-01-18,-0.023786592857142855
2023-01-19,-0.022972435714285713
2023-01-20,-0.02215827857142857
2023-01-21,-0.02134412142857143
2023-01-22,-0.020529964285714283
2023-01-23,-0.01971580714285714
2023-01-24,-0.01890165
2023-01-25,-0.02123667857142857
2023-01-26,-0.02357170714285714
2023-01-27,-0.02590673571428571
2023-01-28,-0.02824176428571428
2023-01-29,-0.030576792857142855
2023-01-30,-0.03291182142857142
2023-01-31,-0.035246849999999996
2023-02-01,-0.03563059285714285
2023-02-02,-0.03601433571428571
2023-02-03,-0.036398078571428565
2023-02-04,-0.03678182142857143
2023-02-05,-0.037165564285714284
2023-02-06,-0.03754930714285714
2023-02-07,-0.037933049999999996
2023-02-08,-0.04011237142857142
2023-02-09,-0.042291692857142855
2023-02-10,-0.04447101428571428
2023-02-11,-0.046650335714285715
2023-02-12,-0.04882965714285714
2023-02-13,-0.05100897857142857
2023-02-14,-0.0531883
2023-02-15,-0.05459272142857143
2023-02-16,-0.055997142857142856
2023-02-17,-0.05740156428571429
2023-02-18,-0.05880598571428571
2023-02-19,-0.06021040714285714
2023-02-20,-0.06161482857142857
2023-02-21,-0.06301925
2023-02-22,-0.06463277857142857
2023-02-23,-0.06624630714285715
2023-02-24,-0.06785983571428572
2023-02-25,-0.06947336428571428
2023-02-26,-0.07108689285714286
2023-02-27,-0.07270042142857143
2023-02-28,-0.07431395
2023-03-01,-0.07770692857142858
2023-03-02,-0.08109990714285714
2023-03-03,-0.08449288571428572
2023-03-04,-0.0878858642857143
2023-03-05,-0.09127884285714286
2023-03-06,-0.09467182142857143
2023-03-07,-0.09806480000000001
2023-03-08,-0.10079154285714287
2023-03-09,-0.10351828571428572
2023-03-10,-0.10624502857142858
2023-03-11,-0.10897177142857144
2023-03-12,-0.1116985142857143
2023-03-13,-0.11442525714285715
2023-03-14,-0.117152
2023-03-15,-0.11681821428571429
2023-03-16,-0.11648442857142857
2023-03-17,-0.11615064285714286
2023-03-18,-0.11581685714285715
2023-03-19,-0.11548307142857143
2023-03-20,-0.11514928571428572
2023-03-21,-0.1148155
2023-03-22,-0.11479321428571429
2023-03-23,-0.11477092857142857
2023-03-24,-0.11474864285714285
2023-03-25,-0.11472635714285714
2023-03-26,-0.11470407142857143
2023-03-27,-0.11468178571428571
2023-03-28,-0.1146595
2023-03-29,-0.11693385714285714
2023-03-30,-0.11920821428571428
2023-03-31,-0.12148257142857143
2023-04-01,-0.12375692857142857
2023-04-02,-0.1260312857142857
2023-04-03,-0.12830564285714285
2023-04-04,-0.13058
2023-04-05,-0.13225478571428573
2023-04-06,-0.13392957142857143
2023-04-07,-0.13560435714285715
2023-04-08,-0.13727914285714285
2023-04-09,-0.13895392857142858
2023-04-10,-0.14062871428571427
2023-04-11,-0.1423035
2023-04-12,-0.1428002857142857
2023-04-13,-0.14329707142857143
2023-04-14,-0.14379385714285714
2023-04-15,-0.14429064285714285
2023-04-16,-0.14478742857142857
2023-04-17,-0.14528421428571428
2023-04-18,-0.145781
2023-04-19,-0.1479865
2023-04-20,-0.150192
2023-04-21,-0.1523975
2023-04-22,-0.15460300000000002
2023-04-23,-0.15680850000000002
2023-04-24,-0.15901400000000002
2023-04-25,-0.16121950000000002
2023-04-26,-0.16159300000000001
2023-04-27,-0.1619665
2023-04-28,-0.16234
2023-04-29,-0.1627135
2023-04-30,-0.163087
2023-05-01,-0.1634605
2023-05-02,-0.163834
2023-05-03,-0.1644422142857143
2023-05-04,-0.16505042857142857
2023-05-05,-0.16565864285714285
2023-05-06,-0.16626685714285716
2023-05-07,-0.16687507142857144
2023-05-08,-0.16748328571428572
2023-05-09,-0.1680915
2023-05-10,-0.1676452142857143
2023-05-11,-0.16719892857142857
2023-05-12,-0.16675264285714286
2023-05-13,-0.16630635714285713
2023-05-14,-0.16586007142857143
2023-05-15,-0.1654137857142857
2023-05-16,-0.1649675
2023-05-17,-0.16395464285714284
2023-05-18,-0.16294178571428572
2023-05-19,-0.16192892857142857
2023-05-20,-0.16091607142857142
2023-05-21,-0.15990321428571427
2023-05-22,-0.15889035714285715
2023-05-23,-0.1578775
2023-05-24,-0.15740535714285714
2023-05-25,-0.1569332142857143
2023-05-26,-0.15646107142857144
2023-05-27,-0.15598892857142857
2023-05-28,-0.1555167857142857
2023-05-29,-0.15504464285714287
2023-05-30,-0.1545725
2023-05-31,-0.15569521428571428
2023-06-01,-0.15681792857142857
2023-06-02,-0.15794064285714285
2023-06-03,-0.15906335714285716
2023-06-04,-0.16018607142857144
2023-06-05,-0.16130878571428572
2023-06-06,-0.1624315
2023-06-07,-0.16170407142857143
2023-06-08,-0.16097664285714286
2023-06-09,-0.1602492142857143
2023-06-10,-0.15952178571428574
2023-06-11,-0.15879435714285717
2023-06-12,-0.1580669285714286
2023-06-13,-0.15733950000000002
2023-06-14,-0.1536279285714286
2023-06-15,-0.14991635714285714
2023-06-16,-0.14620478571428572
2023-06-17,-0.1424932142857143
2023-06-18,-0.13878164285714284
2023-06-19,-0.13507007142857141
2023-06-20,-0.1313585
2023-06-21,-0.13076764285714285
2023-06-22,-0.1301767857142857
2023-06-23,-0.12958592857142856
2023-06-24,-0.12899507142857145
2023-06-25,-0.1284042142857143
2023-06-26,-0.12781335714285716
2023-06-27,-0.12722250000000002
2023-06-28,-0.12713457142857146
2023-06-29,-0.12704664285714287
2023-06-30,-0.1269587142857143
2023-07-01,-0.12687078571428573
2023-07-02,-0.12678285714285717
2023-07-03,-0.12669492857142858
2023-07-04,-0.12660700000000003
2023-07-05,-0.1279879285714286
2023-07-06,-0.12936885714285715
2023-07-07,-0.13074978571428572
2023-07-08,-0.1321307142857143
2023-07-09,-0.13351164285714287
2023-07-10,-0.13489257142857142
2023-07-11,-0.1362735
2023-07-12,-0.136429
2023-07-13,-0.1365845
2023-07-14,-0.13674
2023-07-15,-0.13689549999999998
2023-07-16,-0.13705099999999998
2023-07-17,-0.13720649999999998
2023-07-18,-0.13736199999999998
2023-07-19,-0.1378822857142857
2023-07-20,-0.13840257142857143
2023-07-21,-0.13892285714285715
2023-07-22,-0.13944314285714285
2023-07-23,-0.13996342857142857
2023-07-24,-0.1404837142857143
2023-07-25,-0.14100400000000002
2023-07-26,-0.1434254285714286
2023-07-27,-0.14584685714285714
2023-07-28,-0.1482682857142857
2023-07-29,-0.1506897142857143
2023-07-30,-0.15311114285714286
2023-07-31,-0.1555325714285714
2023-08-01,-0.15795399999999998
2023-08-02,-0.15747842857142855
2023-08-03,-0.15700285714285714
2023-08-04,-0.1565272857142857
2023-08-05,-0.1560517142857143
2023-08-06,-0.15557614285714286
2023-08-07,-0.15510057142857145
2023-08-08,-0.154625
2023-08-09,-0.15533521428571428
2023-08-10,-0.15604542857142858
2023-08-11,-0.15675564285714286
2023-08-12,-0.15746585714285716
2023-08-13,-0.15817607142857143
2023-08-14,-0.15888628571428573
2023-08-15,-0.1595965
2023-08-16,-0.15978507142857143
2023-08-17,-0.15997364285714286
2023-08-18,-0.16016221428571428
2023-08-19,-0.1603507857142857
2023-08-20,-0.16053935714285714
2023-08-21,-0.16072792857142856
2023-08-22,-0.1609165
2023-08-23,-0.15851221428571427
2023-08-24,-0.15610792857142858
2023-08-25,-0.15370364285714286
2023-08-26,-0.15129935714285714
2023-08-27,-0.14889507142857142
2023-08-28,-0.14649078571428573
2023-08-29,-0.1440865
2023-08-30,-0.14401735714285716
2023-08-31,-0.1439482142857143
2023-09-01,-0.14387907142857145
2023-09-02,-0.14380992857142857
2023-09-03,-0.14374078571428572
2023-09-04,-0.14367164285714287
2023-09-05,-0.14360250000000002
2023-09-06,-0.14391964285714287
2023-09-07,-0.14423678571428572
2023-09-08,-0.14455392857142857
2023-09-09,-0.14487107142857145
2023-09-10,-0.1451882142857143
2023-09-11,-0.14550535714285714
2023-09-12,-0.1458225
2023-09-13,-0.14280414285714285
2023-09-14,-0.1397857857142857
2023-09-15,-0.13676742857142857
2023-09-16,-0.13374907142857143
2023-09-17,-0.13073071428571428
2023-09-18,-0.12771235714285714
2023-09-19,-0.124694
2023-09-20,-0.12408685714285714
2023-09-21,-0.12347971428571429
2023-09-22,-0.12287257142857143
2023-09-23,-0.12226542857142857
2023-09-24,-0.1216582857142857
2023-09-25,-0.12105114285714286
2023-09-26,-0.120444
2023-09-27,-0.12074671428571428
2023-09-28,-0.12104942857142857
2023-09-29,-0.12135214285714285
2023-09-30,-0.12165485714285715
2023-10-01,-0.12195757142857143
2023-10-02,-0.12226028571428572
2023-10-03,-0.122563
2023-10-04,-0.12131135714285715
2023-10-05,-0.12005971428571428
2023-10-06,-0.11880807142857143
2023-10-07,-0.11755642857142858
2023-10-08,-0.11630478571428572
2023-10-09,-0.11505314285714285
2023-10-10,-0.1138015
2023-10-11,-0.11363935714285714
2023-10-12,-0.11347721428571429
2023-10-13,-0.11331507142857143
2023-10-14,-0.11315292857142857
2023-10-15,-0.11299078571428571
2023-10-16,-0.11282864285714286
2023-10-17,-0.1126665
2023-10-18,-0.1111995
2023-10-19,-0.1097325
2023-10-20,-0.1082655
2023-10-21,-0.1067985
2023-10-22,-0.10533150000000001
2023-10-23,-0.1038645
2023-10-24,-0.1023975
2023-10-25,-0.10309607142857143
2023-10-26,-0.10379464285714286
2023-10-27,-0.10449321428571429
2023-10-28,-0.10519178571428572
2023-10-29,-0.10589035714285715
2023-10-30,-0.10658892857142858
2023-10-31,-0.10728750000000001
2023-11-01,-0.1067715
2023-11-02,-0.1062555
2023-11-03,-0.1057395
2023-11-04,-0.10522350000000001
2023-11-05,-0.10470750000000001
2023-11-06,-0.1041915
2023-11-07,-0.1036755
2023-11-08,-0.10282768571428572
2023-11-09,-0.10197987142857143
2023-11-10,-0.10113205714285714
2023-11-11,-0.10028424285714287
2023-11-12,-0.09943642857142858
2023-11-13,-0.09858861428571429
2023-11-14,-0.0977408
2023-11-15,-0.09508536428571429
2023-11-16,-0.09242992857142857
2023-11-17,-0.08977449285714285
2023-11-18,-0.08711905714285714
2023-11-19,-0.08446362142857142
2023-11-20,-0.0818081857142857
2023-11-21,-0.07915275
2023-11-22,-0.07812129999999999
2023-11-23,-0.07708985
2023-11-24,-0.0760584
2023-11-25,-0.07502695
2023-11-26,-0.07399549999999999
2023-11-27,-0.07296405
2023-11-28,-0.0719326
2023-11-29,-0.0709187
2023-11-30,-0.0699048
2023-12-01,-0.0688909
2023-12-02,-0.06787699999999999
2023-12-03,-0.0668631
2023-12-04,-0.0658492
2023-12-05,-0.0648353
2023-12-06,-0.06563727857142856
2023-12-07,-0.06643925714285714
2023-12-08,-0.06724123571428571
2023-12-09,-0.06804321428571429
2023-12-10,-0.06884519285714286
2023-12-11,-0.06964717142857144
2023-12-12,-0.07044915
2023-12-13,-0.07045215
2023-12-14,-0.07045515
2023-12-15,-0.07045815
2023-12-16,-0.07046115
2023-12-17,-0.07046415
2023-12-18,-0.07046714999999999
2023-12-19,-0.07047015
2023-12-20,-0.07153917857142857
2023-12-21,-0.07260820714285714
2023-12-22,-0.07367723571428571
2023-12-23,-0.07474626428571429
2023-12-24,-0.07581529285714286
2023-12-25,-0.07688432142857143
2023-12-26,-0.07795335
2023-12-27,-0.08128572857142857
2023-12-28,-0.08461810714285714
2023-12-29,-0.08795048571428571
2023-12-30,-0.09128286428571428
2023-12-31,-0.09461524285714286
2024-01-01,-0.09794762142857143
2024-01-02,-0.10128
2024-01-03,-0.10290821428571428
2024-01-04,-0.10453642857142857
2024-01-05,-0.10616464285714286
2024-01-06,-0.10779285714285713
2024-01-07,-0.10942107142857142
2024-01-08,-0.11104928571428571
2024-01-09,-0.1126775
2024-01-10,-0.113636
2024-01-11,-0.1145945
2024-01-12,-0.115553
2024-01-13,-0.11651149999999999
2024-01-14,-0.11746999999999999
2024-01-15,-0.11842849999999999
2024-01-16,-0.119387
2024-01-17,-0.12041221428571428
2024-01-18,-0.12143742857142857
2024-01-19,-0.12246264285714285
2024-01-20,-0.12348785714285714
2024-01-21,-0.12451307142857142
2024-01-22,-0.1255382857142857
2024-01-23,-0.1265635
2024-01-24,-0.1268412857142857
2024-01-25,-0.12711907142857143
2024-01-26,-0.12739685714285715
2024-01-27,-0.12767464285714286
2024-01-28,-0.12795242857142858
2024-01-29,-0.1282302142857143
2024-01-30,-0.128508
2024-01-31,-0.1273419285714286
2024-02-01,-0.12617585714285715
2024-02-02,-0.12500978571428573
2024-02-03,-0.1238437142857143
2024-02-04,-0.12267764285714286
2024-02-05,-0.12151157142857143
2024-02-06,-0.1203455
2024-02-07,-0.12050307142857142
2024-02-08,-0.12066064285714286
2024-02-09,-0.12081821428571428
2024-02-10,-0.12097578571428572
2024-02-11,-0.12113335714285714
2024-02-12,-0.12129092857142858
2024-02-13,-0.1214485
2024-02-14,-0.12129592857142857
2024-02-15,-0.12114335714285715
2024-02-16,-0.12099078571428572
2024-02-17,-0.12083821428571428
2024-02-18,-0.12068564285714285
2024-02-19,-0.12053307142857143
2024-02-20,-0.1203805
2024-02-21,-0.11995278571428572
2024-02-22,-0.11952507142857142
2024-02-23,-0.11909735714285714
2024-02-24,-0.11866964285714286
2024-02-25,-0.11824192857142858
2024-02-26,-0.11781421428571429
2024-02-27,-0.1173865
2024-02-28,-0.11791842857142858
2024-02-29,-0.11845035714285715
2024-03-01,-0.11898228571428572
2024-03-02,-0.11951421428571428
2024-03-03,-0.12004614285714285
2024-03-04,-0.12057807142857142
2024-03-05,-0.12111
2024-03-06,-0.120279
2024-03-07,-0.119448
2024-03-08,-0.118617
2024-03-09,-0.117786
2024-03-10,-0.116955
2024-03-11,-0.116124
2024-03-12,-0.115293
2024-03-13,-0.11364700000000001
2024-03-14,-0.112001
2024-03-15,-0.11035500000000001
2024-03-16,-0.108709
2024-03-17,-0.107063
2024-03-18,-0.10541700000000001
2024-03-19,-0.103771
2024-03-20,-0.1037175
2024-03-21,-0.103664
2024-03-22,-0.10361050000000001
2024-03-23,-0.103557
2024-03-24,-0.1035035
2024-03-25,-0.10345
2024-03-26,-0.1033965
2024-03-27,-0.1023616
2024-03-28,-0.1013267
2024-03-29,-0.1002918
2024-03-30,-0.0992569
2024-03-31,-0.09822199999999999
2024-04-01,-0.0971871
2024-04-02,-0.0961522
2024-04-03,-0.09662925
2024-04-04,-0.09710629999999999
2024-04-05,-0.09758335
2024-04-06,-0.09806039999999999
2024-04-07,-0.09853745
2024-04-08,-0.09901449999999999
2024-04-09,-0.09949155
2024-04-10,-0.09829229285714286
2024-04-11,-0.09709303571428571
2024-04-12,-0.09589377857142857
2024-04-13,-0.09469452142857143
2024-04-14,-0.0934952642857143
2024-04-15,-0.09229600714285714
2024-04-16,-0.09109675
2024-04-17,-0.09234926428571429
2024-04-18,-0.09360177857142857
2024-04-19,-0.09485429285714285
2024-04-20,-0.09610680714285715
2024-04-21,-0.09735932142857143
2024-04-22,-0.09861183571428571
2024-04-23,-0.09986434999999999
2024-04-24,-0.09979601428571427
2024-04-25,-0.09972767857142857
2024-04-26,-0.09965934285714285
2024-04-27,-0.09959100714285714
2024-04-28,-0.09952267142857142
2024-04-29,-0.09945433571428572
2024-04-30,-0.099386
2024-05-01,-0.09739686428571429
2024-05-02,-0.09540772857142858
2024-05-03,-0.09341859285714287
2024-05-04,-0.09142945714285715
2024-05-05,-0.08944032142857143
2024-05-06,-0.08745118571428573
2024-05-07,-0.08546205000000001
2024-05-08,-0.08585360000000002
2024-05-09,-0.08624515
2024-05-10,-0.08663670000000001
2024-05-11,-0.08702825
2024-05-12,-0.0874198
2024-05-13,-0.08781135
2024-05-14,-0.0882029
2024-05-15,-0.08879037142857144
2024-05-16,-0.08937784285714286
2024-05-17,-0.08996531428571429
2024-05-18,-0.09055278571428571
2024-05-19,-0.09114025714285715
2024-05-20,-0.09172772857142857
2024-05-21,-0.0923152
2024-05-22,-0.09327912857142857
2024-05-23,-0.09424305714285715
2024-05-24,-0.09520698571428572
2024-05-25,-0.09617091428571428
2024-05-26,-0.09713484285714286
2024-05-27,-0.09809877142857143
2024-05-28,-0.0990627
2024-05-29,-0.09977845714285714
2024-05-30,-0.10049421428571428
2024-05-31,-0.10120997142857142
2024-06-01,-0.10192572857142858
2024-06-02,-0.10264148571428572
2024-06-03,-0.10335724285714286
2024-06-04,-0.104073
2024-06-05,-0.10429135714285714
2024-06-06,-0.10450971428571428
2024-06-07,-0.10472807142857142
2024-06-08,-0.10494642857142857
2024-06-09,-0.10516478571428571
2024-06-10,-0.10538314285714284
2024-06-11,-0.10560149999999999
2024-06-12,-0.10535871428571428
2024-06-13,-0.10511592857142855
2024-06-14,-0.10487314285714285
2024-06-15,-0.10463035714285714
2024-06-16,-0.10438757142857143
2024-06-17,-0.1041447857142857
2024-06-18,-0.103902
2024-06-19,-0.10360071428571428
2024-06-20,-0.10329942857142857
2024-06-21,-0.10299814285714286
2024-06-22,-0.10269685714285713
2024-06-23,-0.10239557142857142
2024-06-24,-0.1020942857142857
2024-06-25,-0.101793
2024-06-26,-0.10177557142857142
2024-06-27,-0.10175814285714285
2024-06-28,-0.10174071428571428
2024-06-29,-0.10172328571428571
2024-06-30,-0.10170585714285714
2024-07-01,-0.10168842857142857
2024-07-02,-0.101671
2024-07-03,-0.10204578571428571
2024-07-04,-0.10242057142857143
2024-07-05,-0.10279535714285715
2024-07-06,-0.10317014285714286
2024-07-07,-0.10354492857142858
2024-07-08,-0.1039197142857143
2024-07-09,-0.10429450000000001
2024-07-10,-0.10645228571428572
2024-07-11,-0.10861007142857144
2024-07-12,-0.11076785714285715
2024-07-13,-0.11292564285714286
2024-07-14,-0.11508342857142859
2024-07-15,-0.1172412142857143
2024-07-16,-0.119399
2024-07-17,-0.12099828571428571
2024-07-18,-0.12259757142857143
2024-07-19,-0.12419685714285714
2024-07-20,-0.12579614285714286
2024-07-21,-0.12739542857142858
2024-07-22,-0.12899471428571427
2024-07-23,-0.130594
2024-07-24,-0.13031035714285713
2024-07-25,-0.13002671428571427
2024-07-26,-0.12974307142857142
2024-07-27,-0.1294594285714286
2024-07-28,-0.12917578571428573
2024-07-29,-0.12889214285714287
2024-07-30,-0.12860850000000001
2024-07-31,-0.12927635714285715
2024-08-01,-0.1299442142857143
2024-08-02,-0.13061207142857142
2024-08-03,-0.1312799285714286
2024-08-04,-0.13194778571428573
2024-08-05,-0.13261564285714286
2024-08-06,-0.1332835
2024-08-07,-0.13554692857142858
2024-08-08,-0.13781035714285714
2024-08-09,-0.14007378571428572
2024-08-10,-0.14233721428571428
2024-08-11,-0.14460064285714286
2024-08-12,-0.1468640714285714
2024-08-13,-0.1491275
2024-08-14,-0.14935692857142857
2024-08-15,-0.14958635714285715
2024-08-16,-0.14981578571428572
2024-08-17,-0.1500452142857143
2024-08-18,-0.15027464285714287
2024-08-19,-0.15050407142857145
2024-08-20,-0.15073350000000002
2024-08-21,-0.14990757142857145
2024-08-22,-0.14908164285714287
2024-08-23,-0.1482557142857143
2024-08-24,-0.14742978571428572
2024-08-25,-0.14660385714285715
2024-08-26,-0.14577792857142857
2024-08-27,-0.144952
2024-08-28,-0.14668192857142856
2024-08-29,-0.14841185714285715
2024-08-30,-0.1501417857142857
2024-08-31,-0.15187171428571428
2024-09-01,-0.15360164285714284
2024-09-02,-0.15533157142857143
2024-09-03,-0.1570615
2024-09-04,-0.1566587142857143
2024-09-05,-0.15625592857142856
2024-09-06,-0.15585314285714286
2024-09-07,-0.15545035714285713
2024-09-08,-0.15504757142857142
2024-09-09,-0.1546447857142857
2024-09-10,-0.154242
2024-09-11,-0.15349357142857142
2024-09-12,-0.15274514285714286
2024-09-13,-0.1519967142857143
2024-09-14,-0.1512482857142857
2024-09-15,-0.15049985714285713
2024-09-16,-0.14975142857142856
2024-09-17,-0.149003
2024-09-18,-0.14914057142857143
2024-09-19,-0.14927814285714286
2024-09-20,-0.1494157142857143
2024-09-21,-0.1495532857142857
2024-09-22,-0.14969085714285713
2024-09-23,-0.14982842857142856
2024-09-24,-0.149966
2024-09-25,-0.1484660714285714
2024-09-26,-0.14696614285714285
2024-09-27,-0.14546621428571427
2024-09-28,-0.1439662857142857
2024-09-29,-0.14246635714285713
2024-09-30,-0.14096642857142858
2024-10-01,-0.1394665
2024-10-02,-0.13935035714285712
2024-10-03,-0.13923421428571428
2024-10-04,-0.1391180714285714
2024-10-05,-0.13900192857142857
2024-10-06,-0.1388857857142857
2024-10-07,-0.13876964285714286
2024-10-08,-0.13865349999999999
2024-10-09,-0.1391345714285714
2024-10-10,-0.13961564285714284
2024-10-11,-0.14009671428571427
2024-10-12,-0.14057778571428572
2024-10-13,-0.14105885714285715
2024-10-14,-0.14153992857142858
2024-10-15,-0.142021
2024-10-16,-0.14421992857142857
2024-10-17,-0.14641885714285716
2024-10-18,-0.14861778571428572
2024-10-19,-0.15081671428571428
2024-10-20,-0.15301564285714284
2024-10-21,-0.15521457142857142
2024-10-22,-0.15741349999999998
2024-10-23,-0.15622564285714285
2024-10-24,-0.1550377857142857
2024-10-25,-0.15384992857142857
2024-10-26,-0.1526620714285714
2024-10-27,-0.15147421428571428
2024-10-28,-0.15028635714285712
2024-10-29,-0.1490985
2024-10-30,-0.14977092857142857
2024-10-31,-0.15044335714285714
2024-11-01,-0.15111578571428572
2024-11-02,-0.15178821428571426
2024-11-03,-0.15246064285714284
2024-11-04,-0.1531330714285714
2024-11-05,-0.15380549999999998
2024-11-06,-0.15369164285714285
2024-11-07,-0.1535777857142857
2024-11-08,-0.15346392857142857
2024-11-09,-0.1533500714285714
2024-11-10,-0.15323621428571427
2024-11-11,-0.15312235714285713
2024-11-12,-0.1530085
2024-11-13,-0.15178907142857143
2024-11-14,-0.15056964285714286
2024-11-15,-0.1493502142857143
2024-11-16,-0.1481307857142857
2024-11-17,-0.14691135714285714
2024-11-18,-0.14569192857142857
2024-11-19,-0.1444725
2024-11-20,-0.14466814285714286
2024-11-21,-0.1448637857142857
2024-11-22,-0.14505942857142856
2024-11-23,-0.14525507142857144
2024-11-24,-0.1454507142857143
2024-11-25,-0.14564635714285715
2024-11-26,-0.145842
2024-11-27,-0.1440937142857143
2024-11-28,-0.14234542857142857
2024-11-29,-0.14059714285714286
2024-11-30,-0.13884885714285713
2024-12-01,-0.13710057142857143
2024-12-02,-0.1353522857142857
2024-12-03,-0.133604
2024-12-04,-0.13270807142857144
2024-12-05,-0.13181214285714285
2024-12-06,-0.1309162142857143
2024-12-07,-0.13002028571428573
2024-12-08,-0.12912435714285717
2024-12-09,-0.12822842857142858
2024-12-10,-0.12733250000000002
2024-12-11,-0.12703085714285717
2024-12-12,-0.1267292142857143
2024-12-13,-0.12642757142857144
2024-12-14,-0.12612592857142857
2024-12-15,-0.12582428571428572
2024-12-16,-0.12552264285714285
2024-12-17,-0.125221
2024-12-18,-0.12514471428571428
2024-12-19,-0.12506842857142858
2024-12-20,-0.12499214285714286
2024-12-21,-0.12491585714285713
2024-12-22,-0.12483957142857142
2024-12-23,-0.1247632857142857
2024-12-24,-0.12468699999999999
2024-12-25,-0.12455907142857142
2024-12-26,-0.12443114285714285
2024-12-27,-0.12430321428571428
2024-12-28,-0.12417528571428571
2024-12-29,-0.12404735714285714
2024-12-30,-0.12391942857142857
2024-12-31,-0.1237915
2025-01-01,-0.12419071428571428
2025-01-02,-0.12458992857142857
2025-01-03,-0.12498914285714285
2025-01-04,-0.12538835714285715
2025-01-05,-0.12578757142857144
2025-01-06,-0.1261867857142857
2025-01-07,-0.126586
2025-01-08,-0.12512164285714286
2025-01-09,-0.12365728571428572
2025-01-10,-0.12219292857142858
2025-01-11,-0.12072857142857144
2025-01-12,-0.11926421428571429
2025-01-13,-0.11779985714285715
2025-01-14,-0.11633550000000001
2025-01-15,-0.11720714285714286
2025-01-16,-0.11807878571428572
2025-01-17,-0.11895042857142857
2025-01-18,-0.11982207142857143
2025-01-19,-0.12069371428571428
2025-01-20,-0.12156535714285714
2025-01-21,-0.12243699999999999
2025-01-22,-0.1227082857142857
2025-01-23,-0.12297957142857142
2025-01-24,-0.12325085714285713
2025-01-25,-0.12352214285714286
2025-01-26,-0.12379342857142857
2025-01-27,-0.12406471428571429
2025-01-28,-0.124336
2025-01-29,-0.12473771428571429
2025-01-30,-0.12513942857142857
2025-01-31,-0.12554114285714285
2025-02-01,-0.12594285714285713
2025-02-02,-0.12634457142857142
2025-02-03,-0.1267462857142857
2025-02-04,-0.12714799999999998
2025-02-05,-0.12620957142857142
2025-02-06,-0.12527114285714283
2025-02-07,-0.12433271428571427
2025-02-08,-0.1233942857142857
2025-02-09,-0.12245585714285713
2025-02-10,-0.12151742857142857
2025-02-11,-0.12057899999999999
2025-02-12,-0.12022242857142856
2025-02-13,-0.11986585714285714
2025-02-14,-0.1195092857142857
2025-02-15,-0.11915271428571428
2025-02-16,-0.11879614285714285
2025-02-17,-0.11843957142857142
2025-02-18,-0.118083
2025-02-19,-0.11733321428571428
2025-02-20,-0.11658342857142857
2025-02-21,-0.11583364285714286
2025-02-22,-0.11508385714285714
2025-02-23,-0.11433407142857142
2025-02-24,-0.11358428571428572
2025-02-25,-0.1128345
2025-02-26,-0.11140542857142857
2025-02-27,-0.10997635714285715
2025-02-28,-0.10854728571428572
2025-03-01,-0.10711821428571429
2025-03-02,-0.10568914285714286
2025-03-03,-0.10426007142857144
2025-03-04,-0.102831
2025-03-05,-0.10284521428571429
2025-03-06,-0.10285942857142857
2025-03-07,-0.10287364285714286
2025-03-08,-0.10288785714285714
2025-03-09,-0.10290207142857143
2025-03-10,-0.10291628571428571
2025-03-11,-0.1029305
2025-03-12,-0.10284685714285714
2025-03-13,-0.10276321428571428
2025-03-14,-0.10267957142857143
2025-03-15,-0.10259592857142857
2025-03-16,-0.10251228571428572
2025-03-17,-0.10242864285714286
2025-03-18,-0.102345
2025-03-19,-0.10431314285714287
2025-03-20,-0.10628128571428572
2025-03-21,-0.10824942857142858
2025-03-22,-0.11021757142857143
2025-03-23,-0.11218571428571429
2025-03-24,-0.11415385714285714
2025-03-25,-0.116122
2025-03-26,-0.11878592857142857
2025-03-27,-0.12144985714285714
2025-03-28,-0.1241137857142857
2025-03-29,-0.12677771428571427
2025-03-30,-0.12944164285714285
2025-03-31,-0.1321055714285714
2025-04-01,-0.1347695
2025-04-02,-0.13599385714285714
2025-04-03,-0.13721821428571426
2025-04-04,-0.13844257142857141
2025-04-05,-0.13966692857142857
2025-04-06,-0.14089128571428572
2025-04-07,-0.14211564285714284
2025-04-08,-0.14334
2025-04-09,-0.14543414285714285
2025-04-10,-0.14752828571428572
2025-04-11,-0.14962242857142857
2025-04-12,-0.15171657142857142
2025-04-13,-0.15381071428571427
2025-04-14,-0.15590485714285715
2025-04-15,-0.157999
2025-04-16,-0.1599705
2025-04-17,-0.161942
2025-04-18,-0.1639135
2025-04-19,-0.165885
2025-04-20,-0.1678565
2025-04-21,-0.169828
2025-04-22,-0.1717995
2025-04-23,-0.17272821428571428
2025-04-24,-0.17365692857142856
2025-04-25,-0.17458564285714284
2025-04-26,-0.17551435714285715
2025-04-27,-0.17644307142857144
2025-04-28,-0.17737178571428572
2025-04-29,-0.1783005
2025-04-30,-0.1799365
2025-05-01,-0.1815725
2025-05-02,-0.1832085
2025-05-03,-0.1848445
2025-05-04,-0.1864805
2025-05-05,-0.1881165
2025-05-06,-0.1897525
2025-05-07,-0.1913635714285714
2025-05-08,-0.19297464285714286
2025-05-09,-0.19458571428571428
2025-05-10,-0.1961967857142857
2025-05-11,-0.19780785714285712
2025-05-12,-0.19941892857142857
2025-05-13,-0.20103
2025-05-14,-0.20204821428571426
2025-05-15,-0.20306642857142856
2025-05-16,-0.20408464285714284
2025-05-17,-0.20510285714285714
2025-05-18,-0.20612107142857142
2025-05-19,-0.20713928571428572
2025-05-20,-0.2081575
2025-05-21,-0.20969057142857142
2025-05-22,-0.21122364285714285
2025-05-23,-0.21275671428571427
2025-05-24,-0.21428978571428572
2025-05-25,-0.21582285714285715
2025-05-26,-0.21735592857142857
2025-05-27,-0.218889
2025-05-28,-0.21986257142857143
2025-05-29,-0.22083614285714287
2025-05-30,-0.2218097142857143
2025-05-31,-0.2227832857142857
2025-06-01,-0.22375685714285715
2025-06-02,-0.22473042857142858
2025-06-03,-0.22570400000000002
2025-06-04,-0.22590178571428574
2025-06-05,-0.22609957142857143
2025-06-06,-0.22629735714285715
2025-06-07,-0.22649514285714287
2025-06-08,-0.2266929285714286
2025-06-09,-0.22689071428571428
2025-06-10,-0.2270885
2025-06-11,-0.22757192857142858
2025-06-12,-0.22805535714285713
2025-06-13,-0.2285387857142857
2025-06-14,-0.2290222142857143
2025-06-15,-0.22950564285714287
2025-06-16,-0.22998907142857142
2025-06-17,-0.2304725
2025-06-18,-0.23114942857142856
2025-06-19,-0.23182635714285715
2025-06-20,-0.23250328571428572
2025-06-21,-0.23318021428571428
2025-06-22,-0.23385714285714285
2025-06-23,-0.23453407142857144
2025-06-24,-0.235211
2025-06-25,-0.23740542857142857
2025-06-26,-0.23959985714285714
2025-06-27,-0.2417942857142857
2025-06-28,-0.2439887142857143
2025-06-29,-0.24618314285714288
2025-06-30,-0.24837757142857145
2025-07-01,-0.250572
2025-07-02,-0.24999935714285715
2025-07-03,-0.2494267142857143
2025-07-04,-0.24885407142857144
2025-07-05,-0.24828142857142857
2025-07-06,-0.2477087857142857
2025-07-07,-0.24713614285714286
2025-07-08,-0.2465635
2025-07-09,-0.246728
2025-07-10,-0.2468925
2025-07-11,-0.247057
2025-07-12,-0.24722149999999998
2025-07-13,-0.247386
2025-07-14,-0.24755049999999998
2025-07-15,-0.247715
2025-07-16,-0.24783614285714284
2025-07-17,-0.2479572857142857
2025-07-18,-0.24807842857142856
2025-07-19,-0.24819957142857144
2025-07-20,-0.24832071428571428
2025-07-21,-0.24844185714285716
2025-07-22,-0.248563
2025-07-23,-0.24926307142857143
2025-07-24,-0.24996314285714286
2025-07-25,-0.2506632142857143
2025-07-26,-0.25136328571428573
2025-07-27,-0.25206335714285716
2025-07-28,-0.2527634285714286
2025-07-29,-0.2534635
2025-07-30,-0.2526295
2025-07-31,-0.2517955
2025-08-01,-0.2509615
2025-08-02,-0.2501275
2025-08-03,-0.2492935
2025-08-04,-0.2484595
2025-08-05,-0.2476255
